<History><Object><Type>VIEW</Type><Schema>SYS</Schema><Name>CDB_DIRECTORIES</Name><Valid>True</Valid><Enabled>True</Enabled><XtraData>ColumnName	ColID	Null	DataType	Default	Comments	Updatable	SearchedForComment	RealDataType	IsBinaryXML
OWNER	1	N	VARCHAR2 (128 Byte)					VARCHAR2	False
DIRECTORY_NAME	2	N	VARCHAR2 (128 Byte)					VARCHAR2	False
DIRECTORY_PATH	3	Y	VARCHAR2 (4000 Byte)					VARCHAR2	False
ORIGIN_CON_ID	4	Y	NUMBER					NUMBER	False
CON_ID	5	Y	NUMBER					NUMBER	False
</XtraData><XtraFlag>-1</XtraFlag><Table></Table><TableSchema></TableSchema><Wrapped>False</Wrapped><WrapChecked>True</WrapChecked><ObjID>5287</ObjID></Object><Object><Type>VIEW</Type><Schema>SYS</Schema><Name>KU$_DIRECTORY_VIEW</Name><Valid>True</Valid><Enabled>True</Enabled><XtraData>ColumnName	ColID	Null	DataType	Default	Comments	Updatable	SearchedForComment	RealDataType	IsBinaryXML
VERS_MAJOR	1	Y	CHAR (1 Byte)					CHAR	False
VERS_MINOR	2	Y	CHAR (1 Byte)					CHAR	False
OBJ_NUM	3	Y	NUMBER					NUMBER	False
SCHEMA_OBJ	4	Y	KU$_SCHEMAOBJ_T					KU$_SCHEMAOBJ_T	False
AUDIT_VAL	5	Y	VARCHAR2 (38 Byte)					VARCHAR2	False
OS_PATH	6	Y	VARCHAR2 (4000 Byte)					VARCHAR2	False
</XtraData><XtraFlag>-1</XtraFlag><Table></Table><TableSchema></TableSchema><Wrapped>False</Wrapped><WrapChecked>True</WrapChecked><ObjID>15977</ObjID></Object><Object><Type>VIEW</Type><Schema>SYS</Schema><Name>CDB_PROFILES</Name><Valid>True</Valid><Enabled>True</Enabled><XtraData>ColumnName	ColID	Null	DataType	Default	Comments	Updatable	SearchedForComment	RealDataType	IsBinaryXML
PROFILE	1	N	VARCHAR2 (128 Byte)					VARCHAR2	False
RESOURCE_NAME	2	N	VARCHAR2 (32 Byte)					VARCHAR2	False
RESOURCE_TYPE	3	Y	VARCHAR2 (8 Byte)					VARCHAR2	False
LIMIT	4	Y	VARCHAR2 (128 Byte)					VARCHAR2	False
COMMON	5	Y	VARCHAR2 (3 Byte)					VARCHAR2	False
INHERITED	6	Y	VARCHAR2 (3 Byte)					VARCHAR2	False
IMPLICIT	7	Y	VARCHAR2 (3 Byte)					VARCHAR2	False
CON_ID	8	Y	NUMBER					NUMBER	False
</XtraData><XtraFlag>-1</XtraFlag><Table></Table><TableSchema></TableSchema><Wrapped>False</Wrapped><WrapChecked>True</WrapChecked><ObjID>5045</ObjID></Object><Object><Type>USER</Type><Schema></Schema><Name>C##DBSS</Name><Valid>True</Valid><Enabled>True</Enabled><XtraData>OPEN</XtraData><XtraFlag>-1</XtraFlag><Table>USERS</Table><TableSchema>TEMP</TableSchema><Wrapped>False</Wrapped><WrapChecked>True</WrapChecked><ObjID>121</ObjID></Object><Object><Type>VIEW</Type><Schema>SYS</Schema><Name>V_$DATABASE</Name><Valid>True</Valid><Enabled>True</Enabled><XtraData>ColumnName	ColID	Null	DataType	Default	Comments	Updatable	SearchedForComment	RealDataType	IsBinaryXML
DBID	1	Y	NUMBER					NUMBER	False
NAME	2	Y	VARCHAR2 (9 Byte)					VARCHAR2	False
CREATED	3	Y	DATE					DATE	False
RESETLOGS_CHANGE#	4	Y	NUMBER					NUMBER	False
RESETLOGS_TIME	5	Y	DATE					DATE	False
PRIOR_RESETLOGS_CHANGE#	6	Y	NUMBER					NUMBER	False
PRIOR_RESETLOGS_TIME	7	Y	DATE					DATE	False
LOG_MODE	8	Y	VARCHAR2 (12 Byte)					VARCHAR2	False
CHECKPOINT_CHANGE#	9	Y	NUMBER					NUMBER	False
ARCHIVE_CHANGE#	10	Y	NUMBER					NUMBER	False
CONTROLFILE_TYPE	11	Y	VARCHAR2 (7 Byte)					VARCHAR2	False
CONTROLFILE_CREATED	12	Y	DATE					DATE	False
CONTROLFILE_SEQUENCE#	13	Y	NUMBER					NUMBER	False
CONTROLFILE_CHANGE#	14	Y	NUMBER					NUMBER	False
CONTROLFILE_TIME	15	Y	DATE					DATE	False
OPEN_RESETLOGS	16	Y	VARCHAR2 (11 Byte)					VARCHAR2	False
VERSION_TIME	17	Y	DATE					DATE	False
OPEN_MODE	18	Y	VARCHAR2 (20 Byte)					VARCHAR2	False
PROTECTION_MODE	19	Y	VARCHAR2 (20 Byte)					VARCHAR2	False
PROTECTION_LEVEL	20	Y	VARCHAR2 (20 Byte)					VARCHAR2	False
REMOTE_ARCHIVE	21	Y	VARCHAR2 (8 Byte)					VARCHAR2	False
ACTIVATION#	22	Y	NUMBER					NUMBER	False
SWITCHOVER#	23	Y	NUMBER					NUMBER	False
DATABASE_ROLE	24	Y	VARCHAR2 (16 Byte)					VARCHAR2	False
ARCHIVELOG_CHANGE#	25	Y	NUMBER					NUMBER	False
ARCHIVELOG_COMPRESSION	26	Y	VARCHAR2 (8 Byte)					VARCHAR2	False
SWITCHOVER_STATUS	27	Y	VARCHAR2 (20 Byte)					VARCHAR2	False
DATAGUARD_BROKER	28	Y	VARCHAR2 (8 Byte)					VARCHAR2	False
GUARD_STATUS	29	Y	VARCHAR2 (7 Byte)					VARCHAR2	False
SUPPLEMENTAL_LOG_DATA_MIN	30	Y	VARCHAR2 (8 Byte)					VARCHAR2	False
SUPPLEMENTAL_LOG_DATA_PK	31	Y	VARCHAR2 (3 Byte)					VARCHAR2	False
SUPPLEMENTAL_LOG_DATA_UI	32	Y	VARCHAR2 (3 Byte)					VARCHAR2	False
FORCE_LOGGING	33	Y	VARCHAR2 (39 Byte)					VARCHAR2	False
PLATFORM_ID	34	Y	NUMBER					NUMBER	False
PLATFORM_NAME	35	Y	VARCHAR2 (101 Byte)					VARCHAR2	False
RECOVERY_TARGET_INCARNATION#	36	Y	NUMBER					NUMBER	False
LAST_OPEN_INCARNATION#	37	Y	NUMBER					NUMBER	False
CURRENT_SCN	38	Y	NUMBER					NUMBER	False
FLASHBACK_ON	39	Y	VARCHAR2 (18 Byte)					VARCHAR2	False
SUPPLEMENTAL_LOG_DATA_FK	40	Y	VARCHAR2 (3 Byte)					VARCHAR2	False
SUPPLEMENTAL_LOG_DATA_ALL	41	Y	VARCHAR2 (3 Byte)					VARCHAR2	False
DB_UNIQUE_NAME	42	Y	VARCHAR2 (30 Byte)					VARCHAR2	False
STANDBY_BECAME_PRIMARY_SCN	43	Y	NUMBER					NUMBER	False
FS_FAILOVER_STATUS	44	Y	VARCHAR2 (22 Byte)					VARCHAR2	False
FS_FAILOVER_CURRENT_TARGET	45	Y	VARCHAR2 (30 Byte)					VARCHAR2	False
FS_FAILOVER_THRESHOLD	46	Y	NUMBER					NUMBER	False
FS_FAILOVER_OBSERVER_PRESENT	47	Y	VARCHAR2 (7 Byte)					VARCHAR2	False
FS_FAILOVER_OBSERVER_HOST	48	Y	VARCHAR2 (512 Byte)					VARCHAR2	False
CONTROLFILE_CONVERTED	49	Y	VARCHAR2 (3 Byte)					VARCHAR2	False
PRIMARY_DB_UNIQUE_NAME	50	Y	VARCHAR2 (30 Byte)					VARCHAR2	False
SUPPLEMENTAL_LOG_DATA_PL	51	Y	VARCHAR2 (3 Byte)					VARCHAR2	False
MIN_REQUIRED_CAPTURE_CHANGE#	52	Y	NUMBER					NUMBER	False
CDB	53	Y	VARCHAR2 (3 Byte)					VARCHAR2	False
CON_ID	54	Y	NUMBER					NUMBER	False
PENDING_ROLE_CHANGE_TASKS	55	Y	VARCHAR2 (512 Byte)					VARCHAR2	False
CON_DBID	56	Y	NUMBER					NUMBER	False
FORCE_FULL_DB_CACHING	57	Y	VARCHAR2 (3 Byte)					VARCHAR2	False
</XtraData><XtraFlag>-1</XtraFlag><Table></Table><TableSchema></TableSchema><Wrapped>False</Wrapped><WrapChecked>True</WrapChecked><ObjID>2029</ObjID></Object><Object><Type>VIEW</Type><Schema>SYS</Schema><Name>DBA_USERS</Name><Valid>True</Valid><Enabled>True</Enabled><XtraData>ColumnName	ColID	Null	DataType	Default	Comments	Updatable	SearchedForComment	RealDataType	IsBinaryXML
USERNAME	1	N	VARCHAR2 (128 Byte)					VARCHAR2	False
USER_ID	2	N	NUMBER					NUMBER	False
PASSWORD	3	Y	VARCHAR2 (4000 Byte)					VARCHAR2	False
ACCOUNT_STATUS	4	N	VARCHAR2 (32 Byte)					VARCHAR2	False
LOCK_DATE	5	Y	DATE					DATE	False
EXPIRY_DATE	6	Y	DATE					DATE	False
DEFAULT_TABLESPACE	7	N	VARCHAR2 (30 Byte)					VARCHAR2	False
TEMPORARY_TABLESPACE	8	N	VARCHAR2 (30 Byte)					VARCHAR2	False
LOCAL_TEMP_TABLESPACE	9	Y	VARCHAR2 (30 Byte)					VARCHAR2	False
CREATED	10	N	DATE					DATE	False
PROFILE	11	N	VARCHAR2 (128 Byte)					VARCHAR2	False
INITIAL_RSRC_CONSUMER_GROUP	12	Y	VARCHAR2 (128 Byte)					VARCHAR2	False
EXTERNAL_NAME	13	Y	VARCHAR2 (4000 Byte)					VARCHAR2	False
PASSWORD_VERSIONS	14	Y	VARCHAR2 (17 Byte)					VARCHAR2	False
EDITIONS_ENABLED	15	Y	VARCHAR2 (1 Byte)					VARCHAR2	False
AUTHENTICATION_TYPE	16	Y	VARCHAR2 (8 Byte)					VARCHAR2	False
PROXY_ONLY_CONNECT	17	Y	VARCHAR2 (1 Byte)					VARCHAR2	False
COMMON	18	Y	VARCHAR2 (3 Byte)					VARCHAR2	False
LAST_LOGIN	19	Y	TIMESTAMP(9) WITH TIME ZONE					TIMESTAMP(9) WITH TIME ZONE	False
ORACLE_MAINTAINED	20	Y	VARCHAR2 (1 Byte)					VARCHAR2	False
INHERITED	21	Y	VARCHAR2 (3 Byte)					VARCHAR2	False
DEFAULT_COLLATION	22	Y	VARCHAR2 (100 Byte)					VARCHAR2	False
IMPLICIT	23	Y	VARCHAR2 (3 Byte)					VARCHAR2	False
ALL_SHARD	24	Y	VARCHAR2 (3 Byte)					VARCHAR2	False
</XtraData><XtraFlag>-1</XtraFlag><Table></Table><TableSchema></TableSchema><Wrapped>False</Wrapped><WrapChecked>True</WrapChecked><ObjID>5054</ObjID></Object><Object><Type>VIEW</Type><Schema>SYS</Schema><Name>CDB_XS_USERS</Name><Valid>True</Valid><Enabled>True</Enabled><XtraData>ColumnName	ColID	Null	DataType	Default	Comments	Updatable	SearchedForComment	RealDataType	IsBinaryXML
NAME	1	Y	VARCHAR2 (128 Byte)					VARCHAR2	False
GUID	2	Y	RAW (16)					RAW	False
EXTERNAL_SOURCE	3	Y	VARCHAR2 (128 Byte)					VARCHAR2	False
ROLES_DEFAULT_ENABLED	4	Y	VARCHAR2 (3 Byte)					VARCHAR2	False
STATUS	5	Y	VARCHAR2 (8 Byte)					VARCHAR2	False
ACCOUNT_STATUS	6	N	VARCHAR2 (32 Byte)					VARCHAR2	False
LOCK_DATE	7	Y	DATE					DATE	False
EXPIRY_DATE	8	Y	DATE					DATE	False
PROFILE	9	Y	VARCHAR2 (128 Byte)					VARCHAR2	False
SCHEMA	10	Y	VARCHAR2 (128 Byte)					VARCHAR2	False
START_DATE	11	Y	TIMESTAMP(6) WITH TIME ZONE					TIMESTAMP(6) WITH TIME ZONE	False
END_DATE	12	Y	TIMESTAMP(6) WITH TIME ZONE					TIMESTAMP(6) WITH TIME ZONE	False
DIRECT_LOGON_USER	13	Y	VARCHAR2 (3 Byte)					VARCHAR2	False
VERIFIER_TYPE	14	Y	VARCHAR2 (11 Byte)					VARCHAR2	False
ACL	15	Y	VARCHAR2 (128 Byte)					VARCHAR2	False
DESCRIPTION	16	Y	VARCHAR2 (4000 Byte)					VARCHAR2	False
CON_ID	17	Y	NUMBER					NUMBER	False
</XtraData><XtraFlag>-1</XtraFlag><Table></Table><TableSchema></TableSchema><Wrapped>False</Wrapped><WrapChecked>True</WrapChecked><ObjID>10183</ObjID></Object><Object><Type>VIEW</Type><Schema>SYS</Schema><Name>USER_USERS</Name><Valid>True</Valid><Enabled>True</Enabled><XtraData>ColumnName	ColID	Null	DataType	Default	Comments	Updatable	SearchedForComment	RealDataType	IsBinaryXML
USERNAME	1	N	VARCHAR2 (128 Byte)					VARCHAR2	False
USER_ID	2	N	NUMBER					NUMBER	False
ACCOUNT_STATUS	3	N	VARCHAR2 (32 Byte)					VARCHAR2	False
LOCK_DATE	4	Y	DATE					DATE	False
EXPIRY_DATE	5	Y	DATE					DATE	False
DEFAULT_TABLESPACE	6	N	VARCHAR2 (30 Byte)					VARCHAR2	False
TEMPORARY_TABLESPACE	7	N	VARCHAR2 (30 Byte)					VARCHAR2	False
LOCAL_TEMP_TABLESPACE	8	Y	VARCHAR2 (30 Byte)					VARCHAR2	False
CREATED	9	N	DATE					DATE	False
INITIAL_RSRC_CONSUMER_GROUP	10	Y	VARCHAR2 (128 Byte)					VARCHAR2	False
EXTERNAL_NAME	11	Y	VARCHAR2 (4000 Byte)					VARCHAR2	False
PROXY_ONLY_CONNECT	12	Y	VARCHAR2 (1 Byte)					VARCHAR2	False
COMMON	13	Y	VARCHAR2 (3 Byte)					VARCHAR2	False
ORACLE_MAINTAINED	14	Y	VARCHAR2 (1 Byte)					VARCHAR2	False
INHERITED	15	Y	VARCHAR2 (3 Byte)					VARCHAR2	False
DEFAULT_COLLATION	16	Y	VARCHAR2 (100 Byte)					VARCHAR2	False
IMPLICIT	17	Y	VARCHAR2 (3 Byte)					VARCHAR2	False
ALL_SHARD	18	Y	VARCHAR2 (3 Byte)					VARCHAR2	False
</XtraData><XtraFlag>-1</XtraFlag><Table></Table><TableSchema></TableSchema><Wrapped>False</Wrapped><WrapChecked>True</WrapChecked><ObjID>5053</ObjID></Object><Object><Type>VIEW</Type><Schema>SYS</Schema><Name>ALL_USERS</Name><Valid>True</Valid><Enabled>True</Enabled><XtraData>ColumnName	ColID	Null	DataType	Default	Comments	Updatable	SearchedForComment	RealDataType	IsBinaryXML
USERNAME	1	N	VARCHAR2 (128 Byte)					VARCHAR2	False
USER_ID	2	N	NUMBER					NUMBER	False
CREATED	3	N	DATE					DATE	False
COMMON	4	Y	VARCHAR2 (3 Byte)					VARCHAR2	False
ORACLE_MAINTAINED	5	Y	VARCHAR2 (1 Byte)					VARCHAR2	False
INHERITED	6	Y	VARCHAR2 (3 Byte)					VARCHAR2	False
DEFAULT_COLLATION	7	Y	VARCHAR2 (100 Byte)					VARCHAR2	False
IMPLICIT	8	Y	VARCHAR2 (3 Byte)					VARCHAR2	False
ALL_SHARD	9	Y	VARCHAR2 (3 Byte)					VARCHAR2	False
</XtraData><XtraFlag>-1</XtraFlag><Table></Table><TableSchema></TableSchema><Wrapped>False</Wrapped><WrapChecked>True</WrapChecked><ObjID>5059</ObjID></Object><Object><Type>VIEW</Type><Schema>SYS</Schema><Name>USER_TABLESPACES</Name><Valid>True</Valid><Enabled>True</Enabled><XtraData>ColumnName	ColID	Null	DataType	Default	Comments	Updatable	SearchedForComment	RealDataType	IsBinaryXML
TABLESPACE_NAME	1	N	VARCHAR2 (30 Byte)					VARCHAR2	False
BLOCK_SIZE	2	N	NUMBER					NUMBER	False
INITIAL_EXTENT	3	Y	NUMBER					NUMBER	False
NEXT_EXTENT	4	Y	NUMBER					NUMBER	False
MIN_EXTENTS	5	N	NUMBER					NUMBER	False
MAX_EXTENTS	6	Y	NUMBER					NUMBER	False
MAX_SIZE	7	Y	NUMBER					NUMBER	False
PCT_INCREASE	8	Y	NUMBER					NUMBER	False
MIN_EXTLEN	9	Y	NUMBER					NUMBER	False
STATUS	10	Y	VARCHAR2 (9 Byte)					VARCHAR2	False
CONTENTS	11	Y	VARCHAR2 (21 Byte)					VARCHAR2	False
LOGGING	12	Y	VARCHAR2 (9 Byte)					VARCHAR2	False
FORCE_LOGGING	13	Y	VARCHAR2 (3 Byte)					VARCHAR2	False
EXTENT_MANAGEMENT	14	Y	VARCHAR2 (10 Byte)					VARCHAR2	False
ALLOCATION_TYPE	15	Y	VARCHAR2 (9 Byte)					VARCHAR2	False
SEGMENT_SPACE_MANAGEMENT	16	Y	VARCHAR2 (6 Byte)					VARCHAR2	False
DEF_TAB_COMPRESSION	17	Y	VARCHAR2 (8 Byte)					VARCHAR2	False
RETENTION	18	Y	VARCHAR2 (11 Byte)					VARCHAR2	False
BIGFILE	19	Y	VARCHAR2 (3 Byte)					VARCHAR2	False
PREDICATE_EVALUATION	20	Y	VARCHAR2 (7 Byte)					VARCHAR2	False
ENCRYPTED	21	Y	VARCHAR2 (3 Byte)					VARCHAR2	False
COMPRESS_FOR	22	Y	VARCHAR2 (30 Byte)					VARCHAR2	False
DEF_INMEMORY	23	Y	VARCHAR2 (8 Byte)					VARCHAR2	False
DEF_INMEMORY_PRIORITY	24	Y	VARCHAR2 (8 Byte)					VARCHAR2	False
DEF_INMEMORY_DISTRIBUTE	25	Y	VARCHAR2 (15 Byte)					VARCHAR2	False
DEF_INMEMORY_COMPRESSION	26	Y	VARCHAR2 (17 Byte)					VARCHAR2	False
DEF_INMEMORY_DUPLICATE	27	Y	VARCHAR2 (13 Byte)					VARCHAR2	False
SHARED	28	Y	VARCHAR2 (13 Byte)					VARCHAR2	False
DEF_INDEX_COMPRESSION	29	Y	VARCHAR2 (8 Byte)					VARCHAR2	False
INDEX_COMPRESS_FOR	30	Y	VARCHAR2 (13 Byte)					VARCHAR2	False
DEF_CELLMEMORY	31	Y	VARCHAR2 (16 Byte)					VARCHAR2	False
DEF_INMEMORY_SERVICE	32	Y	VARCHAR2 (12 Byte)					VARCHAR2	False
DEF_INMEMORY_SERVICE_NAME	33	Y	VARCHAR2 (1000 Byte)					VARCHAR2	False
LOST_WRITE_PROTECT	34	Y	VARCHAR2 (7 Byte)					VARCHAR2	False
CHUNK_TABLESPACE	35	Y	VARCHAR2 (1 Byte)					VARCHAR2	False
</XtraData><XtraFlag>-1</XtraFlag><Table></Table><TableSchema></TableSchema><Wrapped>False</Wrapped><WrapChecked>True</WrapChecked><ObjID>7176</ObjID></Object><Object><Type>VIEW</Type><Schema>SYS</Schema><Name>DBA_TABLESPACES</Name><Valid>True</Valid><Enabled>True</Enabled><XtraData>ColumnName	ColID	Null	DataType	Default	Comments	Updatable	SearchedForComment	RealDataType	IsBinaryXML
TABLESPACE_NAME	1	N	VARCHAR2 (30 Byte)					VARCHAR2	False
BLOCK_SIZE	2	N	NUMBER					NUMBER	False
INITIAL_EXTENT	3	Y	NUMBER					NUMBER	False
NEXT_EXTENT	4	Y	NUMBER					NUMBER	False
MIN_EXTENTS	5	N	NUMBER					NUMBER	False
MAX_EXTENTS	6	Y	NUMBER					NUMBER	False
MAX_SIZE	7	Y	NUMBER					NUMBER	False
PCT_INCREASE	8	Y	NUMBER					NUMBER	False
MIN_EXTLEN	9	Y	NUMBER					NUMBER	False
STATUS	10	Y	VARCHAR2 (9 Byte)					VARCHAR2	False
CONTENTS	11	Y	VARCHAR2 (21 Byte)					VARCHAR2	False
LOGGING	12	Y	VARCHAR2 (9 Byte)					VARCHAR2	False
FORCE_LOGGING	13	Y	VARCHAR2 (3 Byte)					VARCHAR2	False
EXTENT_MANAGEMENT	14	Y	VARCHAR2 (10 Byte)					VARCHAR2	False
ALLOCATION_TYPE	15	Y	VARCHAR2 (9 Byte)					VARCHAR2	False
PLUGGED_IN	16	Y	VARCHAR2 (3 Byte)					VARCHAR2	False
SEGMENT_SPACE_MANAGEMENT	17	Y	VARCHAR2 (6 Byte)					VARCHAR2	False
DEF_TAB_COMPRESSION	18	Y	VARCHAR2 (8 Byte)					VARCHAR2	False
RETENTION	19	Y	VARCHAR2 (11 Byte)					VARCHAR2	False
BIGFILE	20	Y	VARCHAR2 (3 Byte)					VARCHAR2	False
PREDICATE_EVALUATION	21	Y	VARCHAR2 (7 Byte)					VARCHAR2	False
ENCRYPTED	22	Y	VARCHAR2 (3 Byte)					VARCHAR2	False
COMPRESS_FOR	23	Y	VARCHAR2 (30 Byte)					VARCHAR2	False
DEF_INMEMORY	24	Y	VARCHAR2 (8 Byte)					VARCHAR2	False
DEF_INMEMORY_PRIORITY	25	Y	VARCHAR2 (8 Byte)					VARCHAR2	False
DEF_INMEMORY_DISTRIBUTE	26	Y	VARCHAR2 (15 Byte)					VARCHAR2	False
DEF_INMEMORY_COMPRESSION	27	Y	VARCHAR2 (17 Byte)					VARCHAR2	False
DEF_INMEMORY_DUPLICATE	28	Y	VARCHAR2 (13 Byte)					VARCHAR2	False
SHARED	29	Y	VARCHAR2 (13 Byte)					VARCHAR2	False
DEF_INDEX_COMPRESSION	30	Y	VARCHAR2 (8 Byte)					VARCHAR2	False
INDEX_COMPRESS_FOR	31	Y	VARCHAR2 (13 Byte)					VARCHAR2	False
DEF_CELLMEMORY	32	Y	VARCHAR2 (14 Byte)					VARCHAR2	False
DEF_INMEMORY_SERVICE	33	Y	VARCHAR2 (12 Byte)					VARCHAR2	False
DEF_INMEMORY_SERVICE_NAME	34	Y	VARCHAR2 (1000 Byte)					VARCHAR2	False
LOST_WRITE_PROTECT	35	Y	VARCHAR2 (7 Byte)					VARCHAR2	False
CHUNK_TABLESPACE	36	Y	VARCHAR2 (1 Byte)					VARCHAR2	False
</XtraData><XtraFlag>-1</XtraFlag><Table></Table><TableSchema></TableSchema><Wrapped>False</Wrapped><WrapChecked>True</WrapChecked><ObjID>7178</ObjID></Object><Object><Type>VIEW</Type><Schema>SYS</Schema><Name>V_$TABLESPACE</Name><Valid>True</Valid><Enabled>True</Enabled><XtraData>ColumnName	ColID	Null	DataType	Default	Comments	Updatable	SearchedForComment	RealDataType	IsBinaryXML
TS#	1	Y	NUMBER					NUMBER	False
NAME	2	Y	VARCHAR2 (30 Byte)					VARCHAR2	False
INCLUDED_IN_DATABASE_BACKUP	3	Y	VARCHAR2 (3 Byte)					VARCHAR2	False
BIGFILE	4	Y	VARCHAR2 (3 Byte)					VARCHAR2	False
FLASHBACK_ON	5	Y	VARCHAR2 (3 Byte)					VARCHAR2	False
ENCRYPT_IN_BACKUP	6	Y	VARCHAR2 (3 Byte)					VARCHAR2	False
CON_ID	7	Y	NUMBER					NUMBER	False
</XtraData><XtraFlag>-1</XtraFlag><Table></Table><TableSchema></TableSchema><Wrapped>False</Wrapped><WrapChecked>True</WrapChecked><ObjID>2143</ObjID></Object><Object><Type>VIEW</Type><Schema>SYS</Schema><Name>_ALL_FILE_GROUP_TABLESPACES</Name><Valid>True</Valid><Enabled>True</Enabled><XtraData>ColumnName	ColID	Null	DataType	Default	Comments	Updatable	SearchedForComment	RealDataType	IsBinaryXML
FILE_GROUP_OWNER	1	N	VARCHAR2 (128 Byte)					VARCHAR2	False
FILE_GROUP_NAME	2	N	VARCHAR2 (128 Byte)					VARCHAR2	False
VERSION_NAME	3	N	VARCHAR2 (128 Byte)					VARCHAR2	False
VERSION_ID	4	N	NUMBER					NUMBER	False
VERSION_GUID	5	N	RAW (16)					RAW	False
TABLESPACE_NAME	6	N	VARCHAR2 (30 Byte)					VARCHAR2	False
</XtraData><XtraFlag>-1</XtraFlag><Table></Table><TableSchema></TableSchema><Wrapped>False</Wrapped><WrapChecked>True</WrapChecked><ObjID>17243</ObjID></Object><Object><Type>VIEW</Type><Schema>SYS</Schema><Name>V_$THREAD</Name><Valid>True</Valid><Enabled>True</Enabled><XtraData>ColumnName	ColID	Null	DataType	Default	Comments	Updatable	SearchedForComment	RealDataType	IsBinaryXML
THREAD#	1	Y	NUMBER					NUMBER	False
STATUS	2	Y	VARCHAR2 (6 Byte)					VARCHAR2	False
ENABLED	3	Y	VARCHAR2 (8 Byte)					VARCHAR2	False
GROUPS	4	Y	NUMBER					NUMBER	False
INSTANCE	5	Y	VARCHAR2 (80 Byte)					VARCHAR2	False
OPEN_TIME	6	Y	DATE					DATE	False
CURRENT_GROUP#	7	Y	NUMBER					NUMBER	False
SEQUENCE#	8	Y	NUMBER					NUMBER	False
CHECKPOINT_CHANGE#	9	Y	NUMBER					NUMBER	False
CHECKPOINT_TIME	10	Y	DATE					DATE	False
ENABLE_CHANGE#	11	Y	NUMBER					NUMBER	False
ENABLE_TIME	12	Y	DATE					DATE	False
DISABLE_CHANGE#	13	Y	NUMBER					NUMBER	False
DISABLE_TIME	14	Y	DATE					DATE	False
LAST_REDO_SEQUENCE#	15	Y	NUMBER					NUMBER	False
LAST_REDO_BLOCK	16	Y	NUMBER					NUMBER	False
LAST_REDO_CHANGE#	17	Y	NUMBER					NUMBER	False
LAST_REDO_TIME	18	Y	DATE					DATE	False
CON_ID	19	Y	NUMBER					NUMBER	False
</XtraData><XtraFlag>-1</XtraFlag><Table></Table><TableSchema></TableSchema><Wrapped>False</Wrapped><WrapChecked>True</WrapChecked><ObjID>1893</ObjID></Object><Object><Type>VIEW</Type><Schema>SYS</Schema><Name>V_$INSTANCE</Name><Valid>True</Valid><Enabled>True</Enabled><XtraData>ColumnName	ColID	Null	DataType	Default	Comments	Updatable	SearchedForComment	RealDataType	IsBinaryXML
INSTANCE_NUMBER	1	Y	NUMBER					NUMBER	False
INSTANCE_NAME	2	Y	VARCHAR2 (16 Byte)					VARCHAR2	False
HOST_NAME	3	Y	VARCHAR2 (64 Byte)					VARCHAR2	False
VERSION	4	Y	VARCHAR2 (17 Byte)					VARCHAR2	False
STARTUP_TIME	5	Y	DATE					DATE	False
STATUS	6	Y	VARCHAR2 (12 Byte)					VARCHAR2	False
PARALLEL	7	Y	VARCHAR2 (3 Byte)					VARCHAR2	False
THREAD#	8	Y	NUMBER					NUMBER	False
ARCHIVER	9	Y	VARCHAR2 (7 Byte)					VARCHAR2	False
LOG_SWITCH_WAIT	10	Y	VARCHAR2 (15 Byte)					VARCHAR2	False
LOGINS	11	Y	VARCHAR2 (10 Byte)					VARCHAR2	False
SHUTDOWN_PENDING	12	Y	VARCHAR2 (3 Byte)					VARCHAR2	False
DATABASE_STATUS	13	Y	VARCHAR2 (17 Byte)					VARCHAR2	False
INSTANCE_ROLE	14	Y	VARCHAR2 (18 Byte)					VARCHAR2	False
ACTIVE_STATE	15	Y	VARCHAR2 (9 Byte)					VARCHAR2	False
BLOCKED	16	Y	VARCHAR2 (3 Byte)					VARCHAR2	False
CON_ID	17	Y	NUMBER					NUMBER	False
INSTANCE_MODE	18	Y	VARCHAR2 (11 Byte)					VARCHAR2	False
EDITION	19	Y	VARCHAR2 (7 Byte)					VARCHAR2	False
FAMILY	20	Y	VARCHAR2 (80 Byte)					VARCHAR2	False
DATABASE_TYPE	21	Y	VARCHAR2 (15 Byte)					VARCHAR2	False
</XtraData><XtraFlag>-1</XtraFlag><Table></Table><TableSchema></TableSchema><Wrapped>False</Wrapped><WrapChecked>True</WrapChecked><ObjID>2031</ObjID></Object><Object><Type>VIEW</Type><Schema>SYS</Schema><Name>DBA_CONTEXT</Name><Valid>True</Valid><Enabled>True</Enabled><XtraData>ColumnName	ColID	Null	DataType	Default	Comments	Updatable	SearchedForComment	RealDataType	IsBinaryXML
NAMESPACE	1	N	VARCHAR2 (128 Byte)					VARCHAR2	False
SCHEMA	2	N	VARCHAR2 (128 Byte)					VARCHAR2	False
PACKAGE	3	N	VARCHAR2 (128 Byte)					VARCHAR2	False
TYPE	4	Y	VARCHAR2 (22 Byte)					VARCHAR2	False
ORIGIN_CON_ID	5	Y	NUMBER					NUMBER	False
</XtraData><XtraFlag>-1</XtraFlag><Table></Table><TableSchema></TableSchema><Wrapped>False</Wrapped><WrapChecked>True</WrapChecked><ObjID>7770</ObjID></Object><Object><Type>VIEW</Type><Schema>SYS</Schema><Name>SESSION_CONTEXT</Name><Valid>True</Valid><Enabled>True</Enabled><XtraData>ColumnName	ColID	Null	DataType	Default	Comments	Updatable	SearchedForComment	RealDataType	IsBinaryXML
NAMESPACE	1	Y	VARCHAR2 (128 Byte)					VARCHAR2	False
ATTRIBUTE	2	Y	VARCHAR2 (128 Byte)					VARCHAR2	False
VALUE	3	Y	VARCHAR2 (4000 Byte)					VARCHAR2	False
</XtraData><XtraFlag>-1</XtraFlag><Table></Table><TableSchema></TableSchema><Wrapped>False</Wrapped><WrapChecked>True</WrapChecked><ObjID>7765</ObjID></Object><Object><Type>VIEW</Type><Schema>SYS</Schema><Name>V_$CONTEXT</Name><Valid>True</Valid><Enabled>True</Enabled><XtraData>ColumnName	ColID	Null	DataType	Default	Comments	Updatable	SearchedForComment	RealDataType	IsBinaryXML
NAMESPACE	1	Y	VARCHAR2 (128 Byte)					VARCHAR2	False
ATTRIBUTE	2	Y	VARCHAR2 (128 Byte)					VARCHAR2	False
VALUE	3	Y	VARCHAR2 (4000 Byte)					VARCHAR2	False
CON_ID	4	Y	NUMBER					NUMBER	False
</XtraData><XtraFlag>-1</XtraFlag><Table></Table><TableSchema></TableSchema><Wrapped>False</Wrapped><WrapChecked>True</WrapChecked><ObjID>7761</ObjID></Object><Object><Type>VIEW</Type><Schema>SYS</Schema><Name>ALL_DIRECTORIES</Name><Valid>True</Valid><Enabled>True</Enabled><XtraData>ColumnName	ColID	Null	DataType	Default	Comments	Updatable	SearchedForComment	RealDataType	IsBinaryXML
OWNER	1	N	VARCHAR2 (128 Byte)					VARCHAR2	False
DIRECTORY_NAME	2	N	VARCHAR2 (128 Byte)					VARCHAR2	False
DIRECTORY_PATH	3	Y	VARCHAR2 (4000 Byte)					VARCHAR2	False
ORIGIN_CON_ID	4	Y	NUMBER					NUMBER	False
</XtraData><XtraFlag>-1</XtraFlag><Table></Table><TableSchema></TableSchema><Wrapped>False</Wrapped><WrapChecked>True</WrapChecked><ObjID>5283</ObjID></Object><Object><Type>VIEW</Type><Schema>SYS</Schema><Name>V_$EXADIRECT_ACL</Name><Valid>True</Valid><Enabled>True</Enabled><XtraData>ColumnName	ColID	Null	DataType	Default	Comments	Updatable	SearchedForComment	RealDataType	IsBinaryXML
SERVICE_NAME	1	Y	VARCHAR2 (513 Byte)					VARCHAR2	False
SGID	2	Y	VARCHAR2 (40 Byte)					VARCHAR2	False
CON_ID	3	Y	NUMBER					NUMBER	False
</XtraData><XtraFlag>-1</XtraFlag><Table></Table><TableSchema></TableSchema><Wrapped>False</Wrapped><WrapChecked>True</WrapChecked><ObjID>4324</ObjID></Object><Object><Type>VIEW</Type><Schema>SYS</Schema><Name>V_$DIAG_DIR_EXT</Name><Valid>True</Valid><Enabled>True</Enabled><XtraData>ColumnName	ColID	Null	DataType	Default	Comments	Updatable	SearchedForComment	RealDataType	IsBinaryXML
ADDR	1	Y	RAW (8)					RAW	False
INDX	2	Y	NUMBER					NUMBER	False
INST_ID	3	Y	NUMBER					NUMBER	False
CON_ID	4	Y	NUMBER					NUMBER	False
ADR_PATH_IDX	5	Y	VARCHAR2 (445 Byte)					VARCHAR2	False
ADR_HOME	6	Y	VARCHAR2 (445 Byte)					VARCHAR2	False
PHYSICAL_PATH	7	Y	VARCHAR2 (447 Byte)					VARCHAR2	False
LOGICAL_PATH	8	Y	VARCHAR2 (447 Byte)					VARCHAR2	False
PHYSICAL_FILENAME	9	Y	VARCHAR2 (71 Byte)					VARCHAR2	False
LOGICAL_FILENAME	10	Y	VARCHAR2 (71 Byte)					VARCHAR2	False
TYPE	11	Y	NUMBER					NUMBER	False
LEVEL	12	Y	NUMBER					NUMBER	False
CREATION_TIMESTAMP	13	Y	TIMESTAMP(9) WITH TIME ZONE					TIMESTAMP(9) WITH TIME ZONE	False
MODIFICATION_TIMESTAMP	14	Y	TIMESTAMP(9) WITH TIME ZONE					TIMESTAMP(9) WITH TIME ZONE	False
ROOT_DIR	15	Y	VARCHAR2 (447 Byte)					VARCHAR2	False
</XtraData><XtraFlag>-1</XtraFlag><Table></Table><TableSchema></TableSchema><Wrapped>False</Wrapped><WrapChecked>True</WrapChecked><ObjID>9855</ObjID></Object><Object><Type>DIRECTORY</Type><Schema>SYS</Schema><Name>DBSS_APPS_DIR</Name><Valid>True</Valid><Enabled>True</Enabled><XtraData>".$orabase."/local/c##dbss/bin</XtraData><XtraFlag>-1</XtraFlag><Table></Table><TableSchema></TableSchema><Wrapped>False</Wrapped><WrapChecked>True</WrapChecked><ObjID>-1</ObjID></Object><Object><Type>DIRECTORY</Type><Schema>SYS</Schema><Name>ORACLE_BASE</Name><Valid>True</Valid><Enabled>True</Enabled><XtraData>/u01/app/oracle</XtraData><XtraFlag>-1</XtraFlag><Table></Table><TableSchema></TableSchema><Wrapped>False</Wrapped><WrapChecked>True</WrapChecked><ObjID>-1</ObjID></Object><Object><Type>DIRECTORY</Type><Schema>SYS</Schema><Name>OPATCH_SCRIPT_DIR</Name><Valid>True</Valid><Enabled>True</Enabled><XtraData>/u01/app/oracle/product/12.2/db_1/QOpatch</XtraData><XtraFlag>-1</XtraFlag><Table></Table><TableSchema></TableSchema><Wrapped>False</Wrapped><WrapChecked>True</WrapChecked><ObjID>-1</ObjID></Object><Object><Type>DIRECTORY</Type><Schema>SYS</Schema><Name>ORA_DBMS_FCP_LOGDIR</Name><Valid>True</Valid><Enabled>True</Enabled><XtraData>/u01/app/oracle/product/12.2/db_1/cfgtoollogs</XtraData><XtraFlag>-1</XtraFlag><Table></Table><TableSchema></TableSchema><Wrapped>False</Wrapped><WrapChecked>True</WrapChecked><ObjID>-1</ObjID></Object></History>
