<History><Object><Type>PACKAGE BODY</Type><Schema>SBS1_ADMIN</Schema><Name>PKG_REVI</Name><Valid>False</Valid><Enabled>True</Enabled><XtraData></XtraData><XtraFlag>-1</XtraFlag><Table></Table><TableSchema></TableSchema><Wrapped>False</Wrapped><WrapChecked>True</WrapChecked><ObjID>211836</ObjID></Object><Object><Type>PACKAGE BODY</Type><Schema>SBS1_ADMIN</Schema><Name>PKG_ADHOC</Name><Valid>False</Valid><Enabled>True</Enabled><XtraData></XtraData><XtraFlag>-1</XtraFlag><Table></Table><TableSchema></TableSchema><Wrapped>False</Wrapped><WrapChecked>True</WrapChecked><ObjID>211832</ObjID></Object><Object><Type>VIEW</Type><Schema>SYS</Schema><Name>ALL_OBJECTS</Name><Valid>True</Valid><Enabled>True</Enabled><XtraData>ColumnName	ColID	Null	DataType	Default	Comments	Updatable	SearchedForComment	RealDataType	IsBinaryXML	Collation
OWNER	1	N	VARCHAR2 (128 Byte)					VARCHAR2	False	USING_NLS_COMP
OBJECT_NAME	2	N	VARCHAR2 (128 Byte)					VARCHAR2	False	USING_NLS_COMP
SUBOBJECT_NAME	3	Y	VARCHAR2 (128 Byte)					VARCHAR2	False	USING_NLS_COMP
OBJECT_ID	4	N	NUMBER					NUMBER	False	
DATA_OBJECT_ID	5	Y	NUMBER					NUMBER	False	
OBJECT_TYPE	6	Y	VARCHAR2 (23 Byte)					VARCHAR2	False	USING_NLS_COMP
CREATED	7	N	DATE					DATE	False	
LAST_DDL_TIME	8	N	DATE					DATE	False	
TIMESTAMP	9	Y	VARCHAR2 (19 Byte)					VARCHAR2	False	USING_NLS_COMP
STATUS	10	Y	VARCHAR2 (7 Byte)					VARCHAR2	False	USING_NLS_COMP
TEMPORARY	11	Y	VARCHAR2 (1 Byte)					VARCHAR2	False	USING_NLS_COMP
GENERATED	12	Y	VARCHAR2 (1 Byte)					VARCHAR2	False	USING_NLS_COMP
SECONDARY	13	Y	VARCHAR2 (1 Byte)					VARCHAR2	False	USING_NLS_COMP
NAMESPACE	14	N	NUMBER					NUMBER	False	
EDITION_NAME	15	Y	VARCHAR2 (128 Byte)					VARCHAR2	False	USING_NLS_COMP
SHARING	16	Y	VARCHAR2 (18 Byte)					VARCHAR2	False	USING_NLS_COMP
EDITIONABLE	17	Y	VARCHAR2 (1 Byte)					VARCHAR2	False	USING_NLS_COMP
ORACLE_MAINTAINED	18	Y	VARCHAR2 (1 Byte)					VARCHAR2	False	USING_NLS_COMP
APPLICATION	19	Y	VARCHAR2 (1 Byte)					VARCHAR2	False	USING_NLS_COMP
DEFAULT_COLLATION	20	Y	VARCHAR2 (100 Byte)					VARCHAR2	False	USING_NLS_COMP
DUPLICATED	21	Y	VARCHAR2 (1 Byte)					VARCHAR2	False	USING_NLS_COMP
SHARDED	22	Y	VARCHAR2 (1 Byte)					VARCHAR2	False	USING_NLS_COMP
CREATED_APPID	23	Y	NUMBER					NUMBER	False	
CREATED_VSNID	24	Y	NUMBER					NUMBER	False	
MODIFIED_APPID	25	Y	NUMBER					NUMBER	False	
MODIFIED_VSNID	26	Y	NUMBER					NUMBER	False	
</XtraData><XtraFlag>-1</XtraFlag><Table></Table><TableSchema></TableSchema><Wrapped>False</Wrapped><WrapChecked>True</WrapChecked><ObjID>4595</ObjID></Object><Object><Type>VIEW</Type><Schema>SBS1_ADMIN</Schema><Name>MAY_USE_ALL_PARTITIONS</Name><Valid>False</Valid><Enabled>True</Enabled><XtraData></XtraData><XtraFlag>-1</XtraFlag><Table></Table><TableSchema></TableSchema><Wrapped>False</Wrapped><WrapChecked>True</WrapChecked><ObjID>111425</ObjID></Object><Object><Type>VIEW</Type><Schema>SYS</Schema><Name>ALL_CONSTRAINTS</Name><Valid>True</Valid><Enabled>True</Enabled><XtraData>ColumnName	ColID	Null	DataType	Default	Comments	Updatable	SearchedForComment	RealDataType	IsBinaryXML	Collation
OWNER	1	Y	VARCHAR2 (128 Byte)					VARCHAR2	False	USING_NLS_COMP
CONSTRAINT_NAME	2	N	VARCHAR2 (128 Byte)					VARCHAR2	False	USING_NLS_COMP
CONSTRAINT_TYPE	3	Y	VARCHAR2 (1 Byte)					VARCHAR2	False	USING_NLS_COMP
TABLE_NAME	4	N	VARCHAR2 (128 Byte)					VARCHAR2	False	USING_NLS_COMP
SEARCH_CONDITION	5	Y	LONG					LONG	False	USING_NLS_COMP
SEARCH_CONDITION_VC	6	Y	VARCHAR2 (4000 Byte)					VARCHAR2	False	USING_NLS_COMP
R_OWNER	7	Y	VARCHAR2 (128 Byte)					VARCHAR2	False	USING_NLS_COMP
R_CONSTRAINT_NAME	8	Y	VARCHAR2 (128 Byte)					VARCHAR2	False	USING_NLS_COMP
DELETE_RULE	9	Y	VARCHAR2 (9 Byte)					VARCHAR2	False	USING_NLS_COMP
STATUS	10	Y	VARCHAR2 (8 Byte)					VARCHAR2	False	USING_NLS_COMP
DEFERRABLE	11	Y	VARCHAR2 (14 Byte)					VARCHAR2	False	USING_NLS_COMP
DEFERRED	12	Y	VARCHAR2 (9 Byte)					VARCHAR2	False	USING_NLS_COMP
VALIDATED	13	Y	VARCHAR2 (13 Byte)					VARCHAR2	False	USING_NLS_COMP
GENERATED	14	Y	VARCHAR2 (14 Byte)					VARCHAR2	False	USING_NLS_COMP
BAD	15	Y	VARCHAR2 (3 Byte)					VARCHAR2	False	USING_NLS_COMP
RELY	16	Y	VARCHAR2 (4 Byte)					VARCHAR2	False	USING_NLS_COMP
LAST_CHANGE	17	Y	DATE					DATE	False	
INDEX_OWNER	18	Y	VARCHAR2 (128 Byte)					VARCHAR2	False	USING_NLS_COMP
INDEX_NAME	19	Y	VARCHAR2 (128 Byte)					VARCHAR2	False	USING_NLS_COMP
INVALID	20	Y	VARCHAR2 (7 Byte)					VARCHAR2	False	USING_NLS_COMP
VIEW_RELATED	21	Y	VARCHAR2 (14 Byte)					VARCHAR2	False	USING_NLS_COMP
ORIGIN_CON_ID	22	Y	NUMBER					NUMBER	False	
</XtraData><XtraFlag>-1</XtraFlag><Table></Table><TableSchema></TableSchema><Wrapped>False</Wrapped><WrapChecked>True</WrapChecked><ObjID>4740</ObjID></Object><Object><Type>CONSTRAINT</Type><Schema>SBS0_ADMIN</Schema><Name>fk_hiheader_ref_170_mapping</Name><Valid>True</Valid><Enabled>True</Enabled><XtraData>R</XtraData><XtraFlag>1</XtraFlag><Table>HIHEADER</Table><TableSchema>NOT DEFERRABLE</TableSchema><Wrapped>False</Wrapped><WrapChecked>True</WrapChecked><ObjID>-1</ObjID></Object><Object><Type>CONSTRAINT</Type><Schema>SBS0_ADMIN</Schema><Name>fk_hbheader_ref_15667_hiheader</Name><Valid>True</Valid><Enabled>True</Enabled><XtraData>R</XtraData><XtraFlag>1</XtraFlag><Table>HBHEADER</Table><TableSchema>NOT DEFERRABLE</TableSchema><Wrapped>False</Wrapped><WrapChecked>True</WrapChecked><ObjID>-1</ObjID></Object><Object><Type>PACKAGE BODY</Type><Schema>SBS0_ADMIN</Schema><Name>PKG_BDETAIL_COMMON</Name><Valid>False</Valid><Enabled>True</Enabled><XtraData></XtraData><XtraFlag>-1</XtraFlag><Table></Table><TableSchema></TableSchema><Wrapped>False</Wrapped><WrapChecked>True</WrapChecked><ObjID>104912</ObjID></Object><Object><Type>PACKAGE BODY</Type><Schema>SBS0_ADMIN</Schema><Name>PKG_COMMON_PACKING</Name><Valid>False</Valid><Enabled>True</Enabled><XtraData></XtraData><XtraFlag>-1</XtraFlag><Table></Table><TableSchema></TableSchema><Wrapped>False</Wrapped><WrapChecked>True</WrapChecked><ObjID>104914</ObjID></Object><Object><Type>PACKAGE BODY</Type><Schema>SBS0_ADMIN</Schema><Name>PKG_MEC_HB</Name><Valid>False</Valid><Enabled>True</Enabled><XtraData></XtraData><XtraFlag>-1</XtraFlag><Table></Table><TableSchema></TableSchema><Wrapped>False</Wrapped><WrapChecked>True</WrapChecked><ObjID>104969</ObjID></Object><Object><Type>PACKAGE BODY</Type><Schema>SBS0_ADMIN</Schema><Name>PKG_MEC_OC</Name><Valid>False</Valid><Enabled>True</Enabled><XtraData></XtraData><XtraFlag>-1</XtraFlag><Table></Table><TableSchema></TableSchema><Wrapped>False</Wrapped><WrapChecked>True</WrapChecked><ObjID>104959</ObjID></Object><Object><Type>FUNCTION</Type><Schema>SBS0_ADMIN</Schema><Name>BN_STATS_EMAILS</Name><Valid>False</Valid><Enabled>True</Enabled><XtraData></XtraData><XtraFlag>-1</XtraFlag><Table></Table><TableSchema></TableSchema><Wrapped>False</Wrapped><WrapChecked>True</WrapChecked><ObjID>104846</ObjID></Object><Object><Type>FUNCTION</Type><Schema>SBS0_ADMIN</Schema><Name>LA_INVOICE_EMAILS</Name><Valid>False</Valid><Enabled>True</Enabled><XtraData></XtraData><XtraFlag>-1</XtraFlag><Table></Table><TableSchema></TableSchema><Wrapped>False</Wrapped><WrapChecked>True</WrapChecked><ObjID>104070</ObjID></Object><Object><Type>FUNCTION</Type><Schema>SBS0_ADMIN</Schema><Name>JOB_LA_INVOICE_EMAILS</Name><Valid>False</Valid><Enabled>True</Enabled><XtraData></XtraData><XtraFlag>-1</XtraFlag><Table></Table><TableSchema></TableSchema><Wrapped>False</Wrapped><WrapChecked>True</WrapChecked><ObjID>104139</ObjID></Object><Object><Type>FUNCTION</Type><Schema>SBS0_ADMIN</Schema><Name>JOB_BN_STATS_EMAILS</Name><Valid>False</Valid><Enabled>True</Enabled><XtraData></XtraData><XtraFlag>-1</XtraFlag><Table></Table><TableSchema></TableSchema><Wrapped>False</Wrapped><WrapChecked>True</WrapChecked><ObjID>104065</ObjID></Object><Object><Type>FUNCTION</Type><Schema>SBS0_ADMIN</Schema><Name>JOB_ADRID_MAIN_EMAIL</Name><Valid>False</Valid><Enabled>True</Enabled><XtraData></XtraData><XtraFlag>-1</XtraFlag><Table></Table><TableSchema></TableSchema><Wrapped>False</Wrapped><WrapChecked>True</WrapChecked><ObjID>104064</ObjID></Object><Object><Type>PROCEDURE</Type><Schema>ADMIN</Schema><Name>KILL_SESSION</Name><Valid>False</Valid><Enabled>True</Enabled><XtraData></XtraData><XtraFlag>-1</XtraFlag><Table></Table><TableSchema></TableSchema><Wrapped>False</Wrapped><WrapChecked>True</WrapChecked><ObjID>103358</ObjID></Object><Object><Type>ROLE</Type><Schema></Schema><Name>AQ_ADMINISTRATOR_ROLE</Name><Valid>True</Valid><Enabled>True</Enabled><XtraData>NO</XtraData><XtraFlag>-1</XtraFlag><Table>NONE</Table><TableSchema></TableSchema><Wrapped>False</Wrapped><WrapChecked>True</WrapChecked><ObjID>-1</ObjID></Object><Object><Type>FUNCTION</Type><Schema>SBS1_ADMIN</Schema><Name>KPI_SMS_LA_REVENUE</Name><Valid>False</Valid><Enabled>True</Enabled><XtraData></XtraData><XtraFlag>-1</XtraFlag><Table></Table><TableSchema></TableSchema><Wrapped>False</Wrapped><WrapChecked>True</WrapChecked><ObjID>90720</ObjID></Object><Object><Type>TABLE</Type><Schema>SBS1_ADMIN</Schema><Name>ACCOUNT</Name><Valid>True</Valid><Enabled>True</Enabled><XtraData>AC_ID</XtraData><XtraFlag>1</XtraFlag><Table>USERS</Table><TableSchema>
Yes
Disabled

Default
Default
No
</TableSchema><Wrapped>False</Wrapped><WrapChecked>True</WrapChecked><ObjID>74943</ObjID></Object><Object><Type>TABLE</Type><Schema>SBS1_ADMIN</Schema><Name>LANGUAGE</Name><Valid>True</Valid><Enabled>True</Enabled><XtraData>LANG_ID</XtraData><XtraFlag>1</XtraFlag><Table>USERS</Table><TableSchema>
Yes
Disabled

Default
Default
No
</TableSchema><Wrapped>False</Wrapped><WrapChecked>True</WrapChecked><ObjID>74063</ObjID></Object><Object><Type>TABLE</Type><Schema>SBS1_ADMIN</Schema><Name>SETPERIOD</Name><Valid>True</Valid><Enabled>True</Enabled><XtraData>SEP_ID</XtraData><XtraFlag>1</XtraFlag><Table>USERS</Table><TableSchema>
Yes
Disabled

Default
Default
No
</TableSchema><Wrapped>False</Wrapped><WrapChecked>True</WrapChecked><ObjID>74183</ObjID></Object><Object><Type>TABLE</Type><Schema>SBS1_ADMIN</Schema><Name>SETDETAIL</Name><Valid>True</Valid><Enabled>True</Enabled><XtraData>SED_ID</XtraData><XtraFlag>1</XtraFlag><Table>USERS</Table><TableSchema>
Yes
Disabled

Default
Default
No
</TableSchema><Wrapped>False</Wrapped><WrapChecked>True</WrapChecked><ObjID>75178</ObjID></Object><Object><Type>TABLE</Type><Schema>SBS1_ADMIN</Schema><Name>CONTRACT</Name><Valid>True</Valid><Enabled>True</Enabled><XtraData>CON_ID</XtraData><XtraFlag>1</XtraFlag><Table>USERS</Table><TableSchema>
Yes
Disabled

Default
Default
No
</TableSchema><Wrapped>False</Wrapped><WrapChecked>True</WrapChecked><ObjID>74946</ObjID></Object><Object><Type>TABLE</Type><Schema>SBS1_ADMIN</Schema><Name>SETTLING</Name><Valid>True</Valid><Enabled>True</Enabled><XtraData>SET_ID</XtraData><XtraFlag>1</XtraFlag><Table>USERS</Table><TableSchema>
Yes
Disabled

Default
Default
Yes
</TableSchema><Wrapped>False</Wrapped><WrapChecked>True</WrapChecked><ObjID>74955</ObjID></Object></History>
