<?xml version="1.0" encoding="UTF-8"?>
<SBDataFilterHistory><SYS><ALL95OBJECTS><Name>Most Recently Used (Unnamed)<Where>OBJECT_NAME = 'UTL_RECOMP'</Where><Order></Order><Partition></Partition></Name><DefaultFilter>Most Recently Used (Unnamed)</DefaultFilter></ALL95OBJECTS><ALL95CONSTRAINTS><Name>Most Recently Used (Unnamed)<Where></Where><Order>ORDER BY CONSTRAINT_NAME ASC NULLS LAST</Order><Partition></Partition></Name><DefaultFilter>Most Recently Used (Unnamed)</DefaultFilter></ALL95CONSTRAINTS></SYS></SBDataFilterHistory>
