<History><Object><Type>TABLE</Type><Schema>SBS1_ADMIN</Schema><Name>STA_JOBSQL</Name><Valid>True</Valid><Enabled>True</Enabled><XtraData>&lt;None&gt;</XtraData><XtraFlag>1</XtraFlag><Table>USERS</Table><TableSchema>0
Yes
Disabled

Default
Default
No
</TableSchema><Wrapped>False</Wrapped><WrapChecked>True</WrapChecked><ObjID>101711</ObjID></Object><Object><Type>TABLE</Type><Schema>SBS1_ADMIN</Schema><Name>STA_JOBOUTPUT</Name><Valid>True</Valid><Enabled>True</Enabled><XtraData>STAJO_ID</XtraData><XtraFlag>1</XtraFlag><Table>USERS</Table><TableSchema>0
Yes
Disabled

Default
Default
Yes
</TableSchema><Wrapped>False</Wrapped><WrapChecked>True</WrapChecked><ObjID>101709</ObjID></Object><Object><Type>TABLE</Type><Schema>SBS1_ADMIN</Schema><Name>STA_JOB</Name><Valid>True</Valid><Enabled>True</Enabled><XtraData>STAJ_ID</XtraData><XtraFlag>1</XtraFlag><Table>USERS</Table><TableSchema>0
Yes
Disabled

Default
Default
Yes
</TableSchema><Wrapped>False</Wrapped><WrapChecked>True</WrapChecked><ObjID>101708</ObjID></Object><Object><Type>TABLE</Type><Schema>SBS1_ADMIN</Schema><Name>STA_JOBSTATE</Name><Valid>True</Valid><Enabled>True</Enabled><XtraData>STAJS_ID</XtraData><XtraFlag>1</XtraFlag><Table>USERS</Table><TableSchema>0
Yes
Disabled

Default
Default
Yes
</TableSchema><Wrapped>False</Wrapped><WrapChecked>True</WrapChecked><ObjID>100550</ObjID></Object><Object><Type>TABLE</Type><Schema>SBS1_ADMIN</Schema><Name>PACKING</Name><Valid>True</Valid><Enabled>True</Enabled><XtraData>PAC_ID</XtraData><XtraFlag>1</XtraFlag><Table>USERS</Table><TableSchema>0
Yes
Disabled

Default
Default
Yes
</TableSchema><Wrapped>False</Wrapped><WrapChecked>True</WrapChecked><ObjID>101705</ObjID></Object><Object><Type>TABLE</Type><Schema>SBS1_ADMIN</Schema><Name>PACITERATOR</Name><Valid>True</Valid><Enabled>True</Enabled><XtraData>PACI_ID</XtraData><XtraFlag>1</XtraFlag><Table>USERS</Table><TableSchema>0
Yes
Disabled

Default
Default
Yes
</TableSchema><Wrapped>False</Wrapped><WrapChecked>True</WrapChecked><ObjID>100427</ObjID></Object><Object><Type>TABLE</Type><Schema>SBS1_ADMIN</Schema><Name>XPROC</Name><Valid>True</Valid><Enabled>True</Enabled><XtraData>XPR_ID</XtraData><XtraFlag>1</XtraFlag><Table>USERS</Table><TableSchema>0
Yes
Disabled

Default
Default
Yes
</TableSchema><Wrapped>False</Wrapped><WrapChecked>True</WrapChecked><ObjID>101163</ObjID></Object><Object><Type>TABLE</Type><Schema>SBS1_ADMIN</Schema><Name>PACTYPE</Name><Valid>True</Valid><Enabled>True</Enabled><XtraData>PACT_ID</XtraData><XtraFlag>1</XtraFlag><Table>USERS</Table><TableSchema>0
Yes
Disabled

Default
Default
Yes
</TableSchema><Wrapped>False</Wrapped><WrapChecked>True</WrapChecked><ObjID>100430</ObjID></Object><Object><Type>TABLE</Type><Schema>SBS1_ADMIN</Schema><Name>PACKINGSTATE</Name><Valid>True</Valid><Enabled>True</Enabled><XtraData>PACKS_ID</XtraData><XtraFlag>1</XtraFlag><Table>USERS</Table><TableSchema>0
Yes
Disabled

Default
Default
Yes
</TableSchema><Wrapped>False</Wrapped><WrapChecked>True</WrapChecked><ObjID>100428</ObjID></Object><Object><Type>TABLE</Type><Schema>SBS1_ADMIN</Schema><Name>LOOPTYPE</Name><Valid>True</Valid><Enabled>True</Enabled><XtraData>LT_ID</XtraData><XtraFlag>1</XtraFlag><Table>USERS</Table><TableSchema>0
Yes
Disabled

Default
Default
Yes
</TableSchema><Wrapped>False</Wrapped><WrapChecked>True</WrapChecked><ObjID>100408</ObjID></Object><Object><Type>PACKAGE BODY</Type><Schema>SBS1_ADMIN</Schema><Name>TEST_PKG_BDETAIL_INFO</Name><Valid>False</Valid><Enabled>True</Enabled><XtraData></XtraData><XtraFlag>-1</XtraFlag><Table></Table><TableSchema></TableSchema><Wrapped>False</Wrapped><WrapChecked>True</WrapChecked><ObjID>114720</ObjID></Object><Object><Type>PACKAGE BODY</Type><Schema>SBS1_ADMIN</Schema><Name>TEST_PKG_BDETAIL_COMMON</Name><Valid>False</Valid><Enabled>True</Enabled><XtraData></XtraData><XtraFlag>-1</XtraFlag><Table></Table><TableSchema></TableSchema><Wrapped>False</Wrapped><WrapChecked>True</WrapChecked><ObjID>114719</ObjID></Object><Object><Type>PACKAGE</Type><Schema>SBS1_ADMIN</Schema><Name>TEST_PKG_BDETAIL_INFO</Name><Valid>True</Valid><Enabled>True</Enabled><XtraData></XtraData><XtraFlag>0</XtraFlag><Table>K</Table><TableSchema></TableSchema><Wrapped>False</Wrapped><WrapChecked>True</WrapChecked><ObjID>114710</ObjID></Object><Object><Type>TABLE</Type><Schema>SBS1_ADMIN</Schema><Name>REVA_ANASTATE</Name><Valid>True</Valid><Enabled>True</Enabled><XtraData>REVAST_SRCTYPE, REVAST_ID</XtraData><XtraFlag>1</XtraFlag><Table>USERS</Table><TableSchema>0
Yes
Disabled

Default
Default
No
</TableSchema><Wrapped>False</Wrapped><WrapChecked>True</WrapChecked><ObjID>77341</ObjID></Object><Object><Type>TABLE</Type><Schema>SBS1_ADMIN</Schema><Name>BIHSTATE</Name><Valid>True</Valid><Enabled>True</Enabled><XtraData>BIHS_ID</XtraData><XtraFlag>1</XtraFlag><Table>USERS</Table><TableSchema>0
Yes
Disabled

Default
Default
No
</TableSchema><Wrapped>False</Wrapped><WrapChecked>True</WrapChecked><ObjID>77257</ObjID></Object><Object><Type>TABLE</Type><Schema>SBS1_ADMIN</Schema><Name>BIHEADER</Name><Valid>True</Valid><Enabled>True</Enabled><XtraData>BIH_ID</XtraData><XtraFlag>1</XtraFlag><Table>USERS</Table><TableSchema>0
Yes
Disabled

Default
Default
No
</TableSchema><Wrapped>False</Wrapped><WrapChecked>True</WrapChecked><ObjID>78184</ObjID></Object><Object><Type>TABLE</Type><Schema>SBS1_ADMIN</Schema><Name>BDETAIL</Name><Valid>True</Valid><Enabled>True</Enabled><XtraData>&lt;None&gt;</XtraData><XtraFlag>3</XtraFlag><Table></Table><TableSchema>0
Yes


Default
Default
N/a
</TableSchema><Wrapped>False</Wrapped><WrapChecked>True</WrapChecked><ObjID>78559</ObjID></Object><Object><Type>TABLE</Type><Schema>SBS1_ADMIN</Schema><Name>ISCONSOL</Name><Valid>True</Valid><Enabled>True</Enabled><XtraData>ISC_ID</XtraData><XtraFlag>1</XtraFlag><Table>USERS</Table><TableSchema>0
Yes
Disabled

Default
Default
Yes
</TableSchema><Wrapped>False</Wrapped><WrapChecked>True</WrapChecked><ObjID>78038</ObjID></Object><Object><Type>TABLE</Type><Schema>SBS1_ADMIN</Schema><Name>TRDIRECTION</Name><Valid>True</Valid><Enabled>True</Enabled><XtraData>TRD_ID</XtraData><XtraFlag>1</XtraFlag><Table>USERS</Table><TableSchema>0
Yes
Disabled

Default
Default
No
</TableSchema><Wrapped>False</Wrapped><WrapChecked>True</WrapChecked><ObjID>77467</ObjID></Object><Object><Type>TABLE</Type><Schema>SBS1_ADMIN</Schema><Name>TRCTYPE</Name><Valid>True</Valid><Enabled>True</Enabled><XtraData>TRCT_ID</XtraData><XtraFlag>1</XtraFlag><Table>USERS</Table><TableSchema>2
Yes
Disabled

Default
Default
Yes
</TableSchema><Wrapped>False</Wrapped><WrapChecked>True</WrapChecked><ObjID>77466</ObjID></Object><Object><Type>TABLE</Type><Schema>SBS1_ADMIN</Schema><Name>STA_JOBOTYPE</Name><Valid>True</Valid><Enabled>True</Enabled><XtraData>STAOT_ID</XtraData><XtraFlag>1</XtraFlag><Table>USERS</Table><TableSchema>0
Yes
Disabled

Default
Default
Yes
</TableSchema><Wrapped>False</Wrapped><WrapChecked>True</WrapChecked><ObjID>77449</ObjID></Object><Object><Type>TABLE</Type><Schema>SBS1_ADMIN</Schema><Name>STA_DIRECTORY</Name><Valid>True</Valid><Enabled>True</Enabled><XtraData>STAD_ID</XtraData><XtraFlag>1</XtraFlag><Table>USERS</Table><TableSchema>0
Yes
Disabled

Default
Default
Yes
</TableSchema><Wrapped>False</Wrapped><WrapChecked>True</WrapChecked><ObjID>78607</ObjID></Object><Object><Type>TABLE</Type><Schema>SBS1_ADMIN</Schema><Name>SRCTYPE</Name><Valid>True</Valid><Enabled>True</Enabled><XtraData>SRCT_ID</XtraData><XtraFlag>1</XtraFlag><Table>USERS</Table><TableSchema>1
Yes
Disabled

Default
Default
Yes
</TableSchema><Wrapped>False</Wrapped><WrapChecked>True</WrapChecked><ObjID>77445</ObjID></Object><Object><Type>TABLE</Type><Schema>SBS1_ADMIN</Schema><Name>PERIODICITY</Name><Valid>True</Valid><Enabled>True</Enabled><XtraData>PERIOD_ID</XtraData><XtraFlag>1</XtraFlag><Table>USERS</Table><TableSchema>1
Yes
Disabled

Default
Default
Yes
</TableSchema><Wrapped>False</Wrapped><WrapChecked>True</WrapChecked><ObjID>77332</ObjID></Object><Object><Type>TABLE</Type><Schema>SBS1_ADMIN</Schema><Name>NOTIFICATIONTYPE</Name><Valid>True</Valid><Enabled>True</Enabled><XtraData>NOTT_ID</XtraData><XtraFlag>1</XtraFlag><Table>USERS</Table><TableSchema>0
Yes
Disabled

Default
Default
Yes
</TableSchema><Wrapped>False</Wrapped><WrapChecked>True</WrapChecked><ObjID>77324</ObjID></Object></History>
