<?xml version="1.0" encoding="UTF-8"?>
<SBDataFilterHistory><SYS><DBA95SCHEDULER95JOB95RUN95DETAILS><Name>Most Recently Used (Unnamed)<Where></Where><Order>ORDER BY LOG_ID DESC NULLS LAST</Order><Partition></Partition></Name><DefaultFilter>Most Recently Used (Unnamed)</DefaultFilter></DBA95SCHEDULER95JOB95RUN95DETAILS><ALL95SCHEDULER95JOB95RUN95DETAILS><Name>Most Recently Used (Unnamed)<Where></Where><Order>ORDER BY LOG_DATE DESC NULLS LAST</Order><Partition></Partition></Name><DefaultFilter>Most Recently Used (Unnamed)</DefaultFilter></ALL95SCHEDULER95JOB95RUN95DETAILS></SYS></SBDataFilterHistory>
