<History><Object><Type>USER</Type><Schema></Schema><Name>DBSS</Name><Valid>True</Valid><Enabled>True</Enabled><XtraData>OPEN</XtraData><XtraFlag>-1</XtraFlag><Table>USERS</Table><TableSchema>TEMP</TableSchema><Wrapped>False</Wrapped><WrapChecked>True</WrapChecked><ObjID>2061</ObjID></Object><Object><Type>USER</Type><Schema></Schema><Name>WWE</Name><Valid>True</Valid><Enabled>True</Enabled><XtraData>OPEN</XtraData><XtraFlag>-1</XtraFlag><Table>USERS</Table><TableSchema>TEMP</TableSchema><Wrapped>False</Wrapped><WrapChecked>True</WrapChecked><ObjID>2065</ObjID></Object><Object><Type>USER</Type><Schema></Schema><Name>T_APP_K2_USER_TEST_01</Name><Valid>True</Valid><Enabled>True</Enabled><XtraData>OPEN</XtraData><XtraFlag>-1</XtraFlag><Table>SYSTEM</Table><TableSchema>TEMP</TableSchema><Wrapped>False</Wrapped><WrapChecked>True</WrapChecked><ObjID>5376</ObjID></Object><Object><Type>JAVA SOURCE</Type><Schema>DBSS</Schema><Name>DbssOs</Name><Valid>True</Valid><Enabled>True</Enabled><XtraData>DbssOs</XtraData><XtraFlag>-1</XtraFlag><Table></Table><TableSchema></TableSchema><Wrapped>False</Wrapped><WrapChecked>True</WrapChecked><ObjID>82201</ObjID></Object><Object><Type>DIRECTORY</Type><Schema>SYS</Schema><Name>DBSS_TEMP_DIR</Name><Valid>True</Valid><Enabled>True</Enabled><XtraData>c:\temp</XtraData><XtraFlag>-1</XtraFlag><Table></Table><TableSchema></TableSchema><Wrapped>False</Wrapped><WrapChecked>True</WrapChecked><ObjID>-1</ObjID></Object><Object><Type>USER</Type><Schema></Schema><Name>APP_K2_TEST_SCHEMA_1</Name><Valid>True</Valid><Enabled>True</Enabled><XtraData>OPEN</XtraData><XtraFlag>-1</XtraFlag><Table>USERS</Table><TableSchema>TEMP</TableSchema><Wrapped>False</Wrapped><WrapChecked>True</WrapChecked><ObjID>2059</ObjID></Object><Object><Type>TABLE</Type><Schema>DBSS</Schema><Name>EXPIMP_CONTROL</Name><Valid>True</Valid><Enabled>True</Enabled><XtraData>&lt;None&gt;</XtraData><XtraFlag>11</XtraFlag><Table></Table><TableSchema>2
No
Disabled
Basic
Default
Default
Yes
</TableSchema><Wrapped>False</Wrapped><WrapChecked>True</WrapChecked><ObjID>73179</ObjID></Object><Object><Type>PACKAGE BODY</Type><Schema>DBSS</Schema><Name>TEST_EXPIMP</Name><Valid>False</Valid><Enabled>True</Enabled><XtraData></XtraData><XtraFlag>-1</XtraFlag><Table></Table><TableSchema></TableSchema><Wrapped>False</Wrapped><WrapChecked>True</WrapChecked><ObjID>73262</ObjID></Object><Object><Type>PROCEDURE</Type><Schema>DBSS</Schema><Name>CREATE_DBLINK</Name><Valid>False</Valid><Enabled>True</Enabled><XtraData></XtraData><XtraFlag>-1</XtraFlag><Table></Table><TableSchema></TableSchema><Wrapped>False</Wrapped><WrapChecked>True</WrapChecked><ObjID>128448</ObjID></Object><Object><Type>PROCEDURE</Type><Schema>DBSS</Schema><Name>CLONE_USER</Name><Valid>False</Valid><Enabled>True</Enabled><XtraData></XtraData><XtraFlag>-1</XtraFlag><Table></Table><TableSchema></TableSchema><Wrapped>False</Wrapped><WrapChecked>True</WrapChecked><ObjID>128447</ObjID></Object><Object><Type>PACKAGE</Type><Schema>DBSS</Schema><Name>TEST_NEWEST</Name><Valid>True</Valid><Enabled>True</Enabled><XtraData></XtraData><XtraFlag>0</XtraFlag><Table>K</Table><TableSchema></TableSchema><Wrapped>False</Wrapped><WrapChecked>True</WrapChecked><ObjID>127193</ObjID></Object><Object><Type>DATABASE LINK</Type><Schema>DBSS</Schema><Name>DB122PDB@LOOPBACK</Name><Valid>True</Valid><Enabled>True</Enabled><XtraData>&lt;pwd&gt;</XtraData><XtraFlag>0</XtraFlag><Table></Table><TableSchema>DB122PDB</TableSchema><Wrapped>False</Wrapped><WrapChecked>True</WrapChecked><ObjID>-1</ObjID></Object><Object><Type>PACKAGE</Type><Schema>DBSS</Schema><Name>DBSS_DB_CON</Name><Valid>True</Valid><Enabled>True</Enabled><XtraData></XtraData><XtraFlag>0</XtraFlag><Table>K</Table><TableSchema></TableSchema><Wrapped>False</Wrapped><WrapChecked>True</WrapChecked><ObjID>126831</ObjID></Object><Object><Type>TABLE</Type><Schema>DBSS</Schema><Name>EXPIMP_DUMPS</Name><Valid>True</Valid><Enabled>True</Enabled><XtraData>&lt;None&gt;</XtraData><XtraFlag>11</XtraFlag><Table></Table><TableSchema>
No
Disabled
Basic
Default
Default
Yes
</TableSchema><Wrapped>False</Wrapped><WrapChecked>True</WrapChecked><ObjID>127560</ObjID></Object><Object><Type>TABLE</Type><Schema>DBSS</Schema><Name>EXPIMP_LOGS</Name><Valid>True</Valid><Enabled>True</Enabled><XtraData>&lt;None&gt;</XtraData><XtraFlag>11</XtraFlag><Table></Table><TableSchema>
No
Disabled
Basic
Default
Default
Yes
</TableSchema><Wrapped>False</Wrapped><WrapChecked>True</WrapChecked><ObjID>127561</ObjID></Object><Object><Type>JAVA CLASS</Type><Schema>SYS</Schema><Name>oracle/AWAction/Attach</Name><Valid>False</Valid><Enabled>True</Enabled><XtraData></XtraData><XtraFlag>-1</XtraFlag><Table></Table><TableSchema></TableSchema><Wrapped>False</Wrapped><WrapChecked>True</WrapChecked><ObjID>69803</ObjID></Object><Object><Type>JAVA CLASS</Type><Schema>SYS</Schema><Name>oracle/AWAction/Alter</Name><Valid>False</Valid><Enabled>True</Enabled><XtraData></XtraData><XtraFlag>-1</XtraFlag><Table></Table><TableSchema></TableSchema><Wrapped>False</Wrapped><WrapChecked>True</WrapChecked><ObjID>69802</ObjID></Object><Object><Type>JAVA CLASS</Type><Schema>SYS</Schema><Name>oracle/AWAction/AWAction</Name><Valid>False</Valid><Enabled>True</Enabled><XtraData></XtraData><XtraFlag>-1</XtraFlag><Table></Table><TableSchema></TableSchema><Wrapped>False</Wrapped><WrapChecked>True</WrapChecked><ObjID>69801</ObjID></Object><Object><Type>PACKAGE BODY</Type><Schema>SYS</Schema><Name>TEST_EXPIMP</Name><Valid>False</Valid><Enabled>True</Enabled><XtraData></XtraData><XtraFlag>-1</XtraFlag><Table></Table><TableSchema></TableSchema><Wrapped>False</Wrapped><WrapChecked>True</WrapChecked><ObjID>90668</ObjID></Object><Object><Type>USER</Type><Schema></Schema><Name>APP_K2_USER_TEST_11</Name><Valid>True</Valid><Enabled>True</Enabled><XtraData>OPEN</XtraData><XtraFlag>-1</XtraFlag><Table>USERS</Table><TableSchema>TEMP</TableSchema><Wrapped>False</Wrapped><WrapChecked>True</WrapChecked><ObjID>12273</ObjID></Object><Object><Type>VIEW</Type><Schema>SYS</Schema><Name>DBA_TAB_PRIVS</Name><Valid>True</Valid><Enabled>True</Enabled><XtraData>ColumnName	ColID	Null	DataType	Default	Comments	Updatable	SearchedForComment	RealDataType	IsBinaryXML	Collation
GRANTEE	1	Y	VARCHAR2 (128 Byte)					VARCHAR2	False	USING_NLS_COMP
OWNER	2	Y	VARCHAR2 (128 Byte)					VARCHAR2	False	USING_NLS_COMP
TABLE_NAME	3	Y	VARCHAR2 (128 Byte)					VARCHAR2	False	USING_NLS_COMP
GRANTOR	4	Y	VARCHAR2 (128 Byte)					VARCHAR2	False	USING_NLS_COMP
PRIVILEGE	5	Y	VARCHAR2 (40 Byte)					VARCHAR2	False	USING_NLS_COMP
GRANTABLE	6	Y	VARCHAR2 (3 Byte)					VARCHAR2	False	USING_NLS_COMP
HIERARCHY	7	Y	VARCHAR2 (3 Byte)					VARCHAR2	False	USING_NLS_COMP
COMMON	8	Y	VARCHAR2 (3 Byte)					VARCHAR2	False	USING_NLS_COMP
TYPE	9	Y	VARCHAR2 (24 Byte)					VARCHAR2	False	USING_NLS_COMP
INHERITED	10	Y	VARCHAR2 (3 Byte)					VARCHAR2	False	USING_NLS_COMP
</XtraData><XtraFlag>-1</XtraFlag><Table></Table><TableSchema></TableSchema><Wrapped>False</Wrapped><WrapChecked>True</WrapChecked><ObjID>4701</ObjID></Object><Object><Type>VIEW</Type><Schema>SYS</Schema><Name>DBA_SYS_PRIVS</Name><Valid>True</Valid><Enabled>True</Enabled><XtraData>ColumnName	ColID	Null	DataType	Default	Comments	Updatable	SearchedForComment	RealDataType	IsBinaryXML	Collation
GRANTEE	1	Y	VARCHAR2 (128 Byte)					VARCHAR2	False	USING_NLS_COMP
PRIVILEGE	2	Y	VARCHAR2 (40 Byte)					VARCHAR2	False	USING_NLS_COMP
ADMIN_OPTION	3	Y	VARCHAR2 (3 Byte)					VARCHAR2	False	USING_NLS_COMP
COMMON	4	Y	VARCHAR2 (3 Byte)					VARCHAR2	False	USING_NLS_COMP
INHERITED	5	Y	VARCHAR2 (3 Byte)					VARCHAR2	False	USING_NLS_COMP
</XtraData><XtraFlag>-1</XtraFlag><Table></Table><TableSchema></TableSchema><Wrapped>False</Wrapped><WrapChecked>True</WrapChecked><ObjID>5150</ObjID></Object><Object><Type>VIEW</Type><Schema>SYS</Schema><Name>DBA_ROLE_PRIVS</Name><Valid>True</Valid><Enabled>True</Enabled><XtraData>ColumnName	ColID	Null	DataType	Default	Comments	Updatable	SearchedForComment	RealDataType	IsBinaryXML	Collation
GRANTEE	1	Y	VARCHAR2 (128 Byte)					VARCHAR2	False	USING_NLS_COMP
GRANTED_ROLE	2	Y	VARCHAR2 (128 Byte)					VARCHAR2	False	USING_NLS_COMP
ADMIN_OPTION	3	Y	VARCHAR2 (3 Byte)					VARCHAR2	False	USING_NLS_COMP
DELEGATE_OPTION	4	Y	VARCHAR2 (3 Byte)					VARCHAR2	False	USING_NLS_COMP
DEFAULT_ROLE	5	Y	VARCHAR2 (3 Byte)					VARCHAR2	False	USING_NLS_COMP
COMMON	6	Y	VARCHAR2 (3 Byte)					VARCHAR2	False	USING_NLS_COMP
INHERITED	7	Y	VARCHAR2 (3 Byte)					VARCHAR2	False	USING_NLS_COMP
</XtraData><XtraFlag>-1</XtraFlag><Table></Table><TableSchema></TableSchema><Wrapped>False</Wrapped><WrapChecked>True</WrapChecked><ObjID>4617</ObjID></Object><Object><Type>VIEW</Type><Schema>SYS</Schema><Name>ALL_TAB_PRIVS</Name><Valid>True</Valid><Enabled>True</Enabled><XtraData>ColumnName	ColID	Null	DataType	Default	Comments	Updatable	SearchedForComment	RealDataType	IsBinaryXML	Collation
GRANTOR	1	Y	VARCHAR2 (128 Byte)					VARCHAR2	False	USING_NLS_COMP
GRANTEE	2	Y	VARCHAR2 (128 Byte)					VARCHAR2	False	USING_NLS_COMP
TABLE_SCHEMA	3	Y	VARCHAR2 (128 Byte)					VARCHAR2	False	USING_NLS_COMP
TABLE_NAME	4	Y	VARCHAR2 (128 Byte)					VARCHAR2	False	USING_NLS_COMP
PRIVILEGE	5	Y	VARCHAR2 (40 Byte)					VARCHAR2	False	USING_NLS_COMP
GRANTABLE	6	Y	VARCHAR2 (3 Byte)					VARCHAR2	False	USING_NLS_COMP
HIERARCHY	7	Y	VARCHAR2 (3 Byte)					VARCHAR2	False	USING_NLS_COMP
COMMON	8	Y	VARCHAR2 (3 Byte)					VARCHAR2	False	USING_NLS_COMP
TYPE	9	Y	VARCHAR2 (24 Byte)					VARCHAR2	False	USING_NLS_COMP
INHERITED	10	Y	VARCHAR2 (3 Byte)					VARCHAR2	False	USING_NLS_COMP
</XtraData><XtraFlag>-1</XtraFlag><Table></Table><TableSchema></TableSchema><Wrapped>False</Wrapped><WrapChecked>True</WrapChecked><ObjID>4699</ObjID></Object><Object><Type>USER</Type><Schema></Schema><Name>TGD_K2_TEST_SCHEMA</Name><Valid>True</Valid><Enabled>True</Enabled><XtraData>OPEN</XtraData><XtraFlag>-1</XtraFlag><Table>USERS</Table><TableSchema>TEMP</TableSchema><Wrapped>False</Wrapped><WrapChecked>True</WrapChecked><ObjID>9803</ObjID></Object></History>
