<?xml version="1.0" encoding="UTF-8"?>
<SBDataFilterHistory><SYS><ALL95TAB95PRIVS><Name>Most Recently Used (Unnamed)<Where></Where><Order>ORDER BY GRANTOR ASC NULLS LAST, GRANTEE ASC NULLS LAST</Order><Partition></Partition></Name><DefaultFilter>Most Recently Used (Unnamed)</DefaultFilter></ALL95TAB95PRIVS><DBA95TAB95PRIVS><Name>Most Recently Used (Unnamed)<Where></Where><Order>ORDER BY GRANTOR ASC NULLS LAST, GRANTEE ASC NULLS LAST, OWNER ASC NULLS LAST, TABLE_NAME ASC NULLS LAST</Order><Partition></Partition></Name><DefaultFilter>Most Recently Used (Unnamed)</DefaultFilter></DBA95TAB95PRIVS></SYS></SBDataFilterHistory>
