<History><Object><Type>PACKAGE</Type><Schema>DBSS</Schema><Name>DBSS_USER_CON</Name><Valid>True</Valid><Enabled>True</Enabled><XtraData></XtraData><XtraFlag>0</XtraFlag><Table>K</Table><TableSchema></TableSchema><Wrapped>False</Wrapped><WrapChecked>True</WrapChecked><ObjID>97881</ObjID></Object><Object><Type>PACKAGE</Type><Schema>DBSS</Schema><Name>DBSS_LOGGER_LIB</Name><Valid>True</Valid><Enabled>True</Enabled><XtraData></XtraData><XtraFlag>0</XtraFlag><Table>K</Table><TableSchema></TableSchema><Wrapped>False</Wrapped><WrapChecked>True</WrapChecked><ObjID>97877</ObjID></Object><Object><Type>PACKAGE</Type><Schema>DBSS</Schema><Name>DBSS_SQL_LIB</Name><Valid>True</Valid><Enabled>True</Enabled><XtraData></XtraData><XtraFlag>0</XtraFlag><Table>K</Table><TableSchema></TableSchema><Wrapped>False</Wrapped><WrapChecked>True</WrapChecked><ObjID>97879</ObjID></Object><Object><Type>PACKAGE</Type><Schema>DBSS</Schema><Name>DBSS_IO_LIB</Name><Valid>True</Valid><Enabled>True</Enabled><XtraData></XtraData><XtraFlag>0</XtraFlag><Table>K</Table><TableSchema></TableSchema><Wrapped>False</Wrapped><WrapChecked>True</WrapChecked><ObjID>97876</ObjID></Object><Object><Type>PACKAGE</Type><Schema>DBSS</Schema><Name>DBSS_API_LIB</Name><Valid>True</Valid><Enabled>True</Enabled><XtraData></XtraData><XtraFlag>0</XtraFlag><Table>K</Table><TableSchema></TableSchema><Wrapped>False</Wrapped><WrapChecked>True</WrapChecked><ObjID>97869</ObjID></Object><Object><Type>DIRECTORY</Type><Schema>SYS</Schema><Name>DBSS_LOG_DIR</Name><Valid>True</Valid><Enabled>True</Enabled><XtraData>c:\dbss\dbss_log_dir</XtraData><XtraFlag>-1</XtraFlag><Table></Table><TableSchema></TableSchema><Wrapped>False</Wrapped><WrapChecked>True</WrapChecked><ObjID>-1</ObjID></Object><Object><Type>DIRECTORY</Type><Schema>SYS</Schema><Name>DBSS_CONFIG_DIR</Name><Valid>True</Valid><Enabled>True</Enabled><XtraData>c:\dbss\dbss_config_dir</XtraData><XtraFlag>-1</XtraFlag><Table></Table><TableSchema></TableSchema><Wrapped>False</Wrapped><WrapChecked>True</WrapChecked><ObjID>-1</ObjID></Object><Object><Type>USER</Type><Schema></Schema><Name>WWE</Name><Valid>True</Valid><Enabled>True</Enabled><XtraData>OPEN</XtraData><XtraFlag>-1</XtraFlag><Table>USERS</Table><TableSchema>TEMP</TableSchema><Wrapped>False</Wrapped><WrapChecked>True</WrapChecked><ObjID>28735</ObjID></Object><Object><Type>USER</Type><Schema></Schema><Name>DBSS</Name><Valid>True</Valid><Enabled>True</Enabled><XtraData>OPEN</XtraData><XtraFlag>-1</XtraFlag><Table>USERS</Table><TableSchema>TEMP</TableSchema><Wrapped>False</Wrapped><WrapChecked>True</WrapChecked><ObjID>28731</ObjID></Object><Object><Type>USER</Type><Schema></Schema><Name>PM</Name><Valid>True</Valid><Enabled>True</Enabled><XtraData>EXPIRED &amp; LOCKED</XtraData><XtraFlag>-1</XtraFlag><Table>USERS</Table><TableSchema>TEMP</TableSchema><Wrapped>False</Wrapped><WrapChecked>True</WrapChecked><ObjID>106</ObjID></Object><Object><Type>USER</Type><Schema></Schema><Name>SCOTT</Name><Valid>True</Valid><Enabled>True</Enabled><XtraData>EXPIRED &amp; LOCKED</XtraData><XtraFlag>-1</XtraFlag><Table>USERS</Table><TableSchema>TEMP</TableSchema><Wrapped>False</Wrapped><WrapChecked>True</WrapChecked><ObjID>110</ObjID></Object><Object><Type>PACKAGE BODY</Type><Schema>DBSS</Schema><Name>DBSS_DB_CON</Name><Valid>False</Valid><Enabled>True</Enabled><XtraData></XtraData><XtraFlag>-1</XtraFlag><Table></Table><TableSchema></TableSchema><Wrapped>False</Wrapped><WrapChecked>True</WrapChecked><ObjID>97040</ObjID></Object><Object><Type>PACKAGE BODY</Type><Schema>DBSS</Schema><Name>DBSS_HELP_LIB</Name><Valid>False</Valid><Enabled>True</Enabled><XtraData></XtraData><XtraFlag>-1</XtraFlag><Table></Table><TableSchema></TableSchema><Wrapped>False</Wrapped><WrapChecked>True</WrapChecked><ObjID>95341</ObjID></Object><Object><Type>PACKAGE BODY</Type><Schema>DBSS</Schema><Name>DBSS_USER_CON</Name><Valid>False</Valid><Enabled>True</Enabled><XtraData></XtraData><XtraFlag>-1</XtraFlag><Table></Table><TableSchema></TableSchema><Wrapped>False</Wrapped><WrapChecked>True</WrapChecked><ObjID>95135</ObjID></Object><Object><Type>PACKAGE BODY</Type><Schema>DBSS</Schema><Name>TEST_DBSS_LOGGER_LIB</Name><Valid>False</Valid><Enabled>True</Enabled><XtraData></XtraData><XtraFlag>-1</XtraFlag><Table></Table><TableSchema></TableSchema><Wrapped>False</Wrapped><WrapChecked>True</WrapChecked><ObjID>95148</ObjID></Object><Object><Type>PACKAGE BODY</Type><Schema>DBSS</Schema><Name>TEST_DBSS_IO_LIB</Name><Valid>False</Valid><Enabled>True</Enabled><XtraData></XtraData><XtraFlag>-1</XtraFlag><Table></Table><TableSchema></TableSchema><Wrapped>False</Wrapped><WrapChecked>True</WrapChecked><ObjID>95147</ObjID></Object><Object><Type>PACKAGE BODY</Type><Schema>DBSS</Schema><Name>DBSS_IO_LIB</Name><Valid>False</Valid><Enabled>True</Enabled><XtraData></XtraData><XtraFlag>-1</XtraFlag><Table></Table><TableSchema></TableSchema><Wrapped>False</Wrapped><WrapChecked>True</WrapChecked><ObjID>95130</ObjID></Object><Object><Type>PACKAGE BODY</Type><Schema>DBSS</Schema><Name>USER_MGMT</Name><Valid>False</Valid><Enabled>True</Enabled><XtraData></XtraData><XtraFlag>-1</XtraFlag><Table></Table><TableSchema></TableSchema><Wrapped>False</Wrapped><WrapChecked>True</WrapChecked><ObjID>95136</ObjID></Object><Object><Type>DIRECTORY</Type><Schema>SYS</Schema><Name>WORKDIR</Name><Valid>True</Valid><Enabled>True</Enabled><XtraData>C:\DBSS\workdir</XtraData><XtraFlag>-1</XtraFlag><Table></Table><TableSchema></TableSchema><Wrapped>False</Wrapped><WrapChecked>True</WrapChecked><ObjID>-1</ObjID></Object><Object><Type>DIRECTORY</Type><Schema>SYS</Schema><Name>LOG_FILE_DIR</Name><Valid>True</Valid><Enabled>True</Enabled><XtraData>C:\Software\Oracle\product\12.1.0\dbhome_1\demo\schema\log\</XtraData><XtraFlag>-1</XtraFlag><Table></Table><TableSchema></TableSchema><Wrapped>False</Wrapped><WrapChecked>True</WrapChecked><ObjID>-1</ObjID></Object><Object><Type>DIRECTORY</Type><Schema>SYS</Schema><Name>LOG_REPOSITORY</Name><Valid>True</Valid><Enabled>True</Enabled><XtraData>C:\DBSS\log_repository</XtraData><XtraFlag>-1</XtraFlag><Table></Table><TableSchema></TableSchema><Wrapped>False</Wrapped><WrapChecked>True</WrapChecked><ObjID>-1</ObjID></Object><Object><Type>DIRECTORY</Type><Schema>SYS</Schema><Name>DBSS_DIR</Name><Valid>True</Valid><Enabled>True</Enabled><XtraData>C:\DBSS\dbss_dir</XtraData><XtraFlag>-1</XtraFlag><Table></Table><TableSchema></TableSchema><Wrapped>False</Wrapped><WrapChecked>True</WrapChecked><ObjID>-1</ObjID></Object><Object><Type>USER</Type><Schema></Schema><Name>T_USER_TEST_01</Name><Valid>True</Valid><Enabled>True</Enabled><XtraData>OPEN</XtraData><XtraFlag>-1</XtraFlag><Table>SYSTEM</Table><TableSchema>TEMP</TableSchema><Wrapped>False</Wrapped><WrapChecked>True</WrapChecked><ObjID>9095</ObjID></Object><Object><Type>VIEW</Type><Schema>SYS</Schema><Name>DBA_ROLES</Name><Valid>True</Valid><Enabled>True</Enabled><XtraData>ColumnName	ColID	Null	DataType	Default	Comments	Updatable	SearchedForComment	RealDataType	IsBinaryXML
ROLE	1	N	VARCHAR2 (128 Byte)					VARCHAR2	False
PASSWORD_REQUIRED	2	Y	VARCHAR2 (8 Byte)					VARCHAR2	False
AUTHENTICATION_TYPE	3	Y	VARCHAR2 (11 Byte)					VARCHAR2	False
COMMON	4	Y	VARCHAR2 (3 Byte)					VARCHAR2	False
ORACLE_MAINTAINED	5	Y	VARCHAR2 (1 Byte)					VARCHAR2	False
</XtraData><XtraFlag>-1</XtraFlag><Table></Table><TableSchema></TableSchema><Wrapped>False</Wrapped><WrapChecked>True</WrapChecked><ObjID>4616</ObjID></Object><Object><Type>VIEW</Type><Schema>SYS</Schema><Name>CDB_APPLICATION_ROLES</Name><Valid>True</Valid><Enabled>True</Enabled><XtraData>ColumnName	ColID	Null	DataType	Default	Comments	Updatable	SearchedForComment	RealDataType	IsBinaryXML
</XtraData><XtraFlag>-1</XtraFlag><Table></Table><TableSchema></TableSchema><Wrapped>False</Wrapped><WrapChecked>True</WrapChecked><ObjID>7140</ObjID></Object></History>
