<MANAGER><APP vault="true" class="TarActionSet">Action Recall<ACTION class="TarCompareSchemas">Compare Schemas2</ACTION><ACTION class="TarObjectSearch">Object Search1</ACTION><ACTION class="TarExportDDL">Export DDL1</ACTION><ACTION class="TarCompareSchemas">Compare Schemas1</ACTION></APP><APP vault="false" class="TarActionSet">Sample Dev App<ACTION class="TarIfThenElse">Check Server<IF><ACTION class="TarTNSPing">Check Server is up</ACTION></IF><THEN><ACTION class="TarCompareSchemas">Compare Schemas</ACTION><ACTION class="TarExportDDL">Export Dev Schema Objects</ACTION><ACTION class="TarZipArchive">Zip DDL Files</ACTION><ACTION class="TarSaveGrid">Export Customers Data</ACTION><ACTION class="TarEmailAction">email success</ACTION></THEN><ELSE><ACTION class="TarEmailAction">email failure</ACTION></ELSE></ACTION></APP><APP vault="false" class="TarActionSet">Sample DBA App<ACTION class="TarIfThenElse">Check Servers<IF><ACTION class="TarTNSPing">Check Server is up</ACTION></IF><THEN><ACTION class="TarExecuteScript">Daily Checks</ACTION><ACTION class="TarObjectSearch">Export quest_prod objects</ACTION><ACTION class="TarDBHealthCheck">Database Health Check</ACTION><ACTION class="TarCompareSchemas">Compare Prod vs Dev</ACTION><ACTION class="TarSchemaDoc">Daily Schema Update</ACTION><ACTION class="TarListIterator">User List<ACTION class="TarEmailAction">email multiple users</ACTION></ACTION></THEN><ELSE><ACTION class="TarEmailAction">No Reports</ACTION></ELSE></ACTION></APP><APP vault="false" class="TarActionSet">Sample Code Quality App<ACTION class="TarIfThenElse">Check Servers<IF><ACTION class="TarTNSPing">Check Server is up</ACTION></IF><THEN><ACTION class="TarCXAction">Run Code Analysis</ACTION><ACTION class="TarCodeTester">Run Code Tester Tests</ACTION><ACTION class="TarDBHealthCheck">Database Health Check</ACTION><ACTION class="TarListIterator">User List<ACTION class="TarEmailAction">email multiple users</ACTION></ACTION></THEN><ELSE><ACTION class="TarEmailAction">No Reports</ACTION></ELSE></ACTION></APP><APP vault="false" class="TarActionSet">DBSS Format Generated Files<ACTION class="TarFolderIterator">Folder Iterator6<ACTION class="TarFormatFiles">Format Files1</ACTION></ACTION><ACTION class="TarFolderIterator">Folder Iterator7<ACTION class="TarFormatFiles">Format Files1</ACTION></ACTION><ACTION class="TarFolderIterator">Folder Iterator8<ACTION class="TarFormatFiles">Format Files1</ACTION></ACTION></APP><APP vault="false" class="TarActionSet">DBSS Format All<ACTION class="TarFolderIterator">Folder Iterator1<ACTION class="TarFormatFiles">Format Files1</ACTION></ACTION><ACTION class="TarFolderIterator">Folder Iterator2<ACTION class="TarFormatFiles">Format Files1</ACTION></ACTION><ACTION class="TarFolderIterator">Folder Iterator3<ACTION class="TarFormatFiles">Format Files1</ACTION></ACTION><ACTION class="TarFolderIterator">Folder Iterator4<ACTION class="TarFormatFiles">Format Files1</ACTION></ACTION><ACTION class="TarFolderIterator">Folder Iterator5<ACTION class="TarFormatFiles">Format Files1</ACTION></ACTION></APP><APP vault="false" class="TarActionSet">SBSDB Format All<ACTION class="TarFolderIterator">Folder Iterator1<ACTION class="TarFormatFiles">Format Files1</ACTION></ACTION><ACTION class="TarFolderIterator">Folder Iterator2<ACTION class="TarFormatFiles">Format Files1</ACTION></ACTION><ACTION class="TarFolderIterator">Folder Iterator3<ACTION class="TarFormatFiles">Format Files1</ACTION></ACTION><ACTION class="TarFolderIterator">Folder Iterator4<ACTION class="TarFormatFiles">Format Files1</ACTION></ACTION><ACTION class="TarFolderIterator">Folder Iterator5<ACTION class="TarFormatFiles">Format Files1</ACTION></ACTION><ACTION class="TarFolderIterator">Folder Iterator6<ACTION class="TarFormatFiles">Format Files1</ACTION></ACTION><ACTION class="TarFolderIterator">Folder Iterator7<ACTION class="TarFormatFiles">Format Files1</ACTION></ACTION></APP><APP vault="false" class="TarActionSet">SBSDB Format Generated Files<ACTION class="TarFolderIterator">Folder Iterator6<ACTION class="TarFormatFiles">Format Files1</ACTION></ACTION></APP></MANAGER>
