<AUTO_REPLACE datafile_version="2"><OPTIONS enabled="true" maintain_case="false" case_sensitive="false"><ACTIVATION_CHARS><![CDATA[\t\n (),:;=[]]]></ACTIVATION_CHARS></OPTIONS><ITEMS><ITEM><SEARCH_FOR><![CDATA[comit]]></SEARCH_FOR><REPLACE_WITH><![CDATA[commit]]></REPLACE_WITH></ITEM><ITEM><SEARCH_FOR><![CDATA[decl]]></SEARCH_FOR><REPLACE_WITH><![CDATA[declare]]></REPLACE_WITH></ITEM><ITEM><SEARCH_FOR><![CDATA[elseif]]></SEARCH_FOR><REPLACE_WITH><![CDATA[elsif]]></REPLACE_WITH></ITEM><ITEM><SEARCH_FOR><![CDATA[endif]]></SEARCH_FOR><REPLACE_WITH><![CDATA[end if]]></REPLACE_WITH></ITEM><ITEM><SEARCH_FOR><![CDATA[endloop]]></SEARCH_FOR><REPLACE_WITH><![CDATA[end loop]]></REPLACE_WITH></ITEM><ITEM><SEARCH_FOR><![CDATA[except]]></SEARCH_FOR><REPLACE_WITH><![CDATA[exception]]></REPLACE_WITH></ITEM><ITEM><SEARCH_FOR><![CDATA[exitwhen]]></SEARCH_FOR><REPLACE_WITH><![CDATA[exit when]]></REPLACE_WITH></ITEM><ITEM><SEARCH_FOR><![CDATA[form]]></SEARCH_FOR><REPLACE_WITH><![CDATA[from]]></REPLACE_WITH></ITEM><ITEM><SEARCH_FOR><![CDATA[func]]></SEARCH_FOR><REPLACE_WITH><![CDATA[function]]></REPLACE_WITH></ITEM><ITEM><SEARCH_FOR><![CDATA[fuo]]></SEARCH_FOR><REPLACE_WITH><![CDATA[for update of]]></REPLACE_WITH></ITEM><ITEM><SEARCH_FOR><![CDATA[lop]]></SEARCH_FOR><REPLACE_WITH><![CDATA[loop]]></REPLACE_WITH></ITEM><ITEM><SEARCH_FOR><![CDATA[ndf]]></SEARCH_FOR><REPLACE_WITH><![CDATA[NO_DATA_FOUND]]></REPLACE_WITH></ITEM><ITEM><SEARCH_FOR><![CDATA[nil]]></SEARCH_FOR><REPLACE_WITH><![CDATA[null]]></REPLACE_WITH></ITEM><ITEM><SEARCH_FOR><![CDATA[nul]]></SEARCH_FOR><REPLACE_WITH><![CDATA[null]]></REPLACE_WITH></ITEM><ITEM><SEARCH_FOR><![CDATA[pack]]></SEARCH_FOR><REPLACE_WITH><![CDATA[package]]></REPLACE_WITH></ITEM><ITEM><SEARCH_FOR><![CDATA[proc]]></SEARCH_FOR><REPLACE_WITH><![CDATA[procedure]]></REPLACE_WITH></ITEM><ITEM><SEARCH_FOR><![CDATA[rae]]></SEARCH_FOR><REPLACE_WITH><![CDATA[RAISE_APPLICATION_ERROR]]></REPLACE_WITH></ITEM><ITEM><SEARCH_FOR><![CDATA[returns]]></SEARCH_FOR><REPLACE_WITH><![CDATA[return]]></REPLACE_WITH></ITEM><ITEM><SEARCH_FOR><![CDATA[seelct]]></SEARCH_FOR><REPLACE_WITH><![CDATA[select]]></REPLACE_WITH></ITEM><ITEM><SEARCH_FOR><![CDATA[sqlc]]></SEARCH_FOR><REPLACE_WITH><![CDATA[sqlcode]]></REPLACE_WITH></ITEM><ITEM><SEARCH_FOR><![CDATA[sqle]]></SEARCH_FOR><REPLACE_WITH><![CDATA[sqlerrm]]></REPLACE_WITH></ITEM><ITEM><SEARCH_FOR><![CDATA[teh]]></SEARCH_FOR><REPLACE_WITH><![CDATA[the]]></REPLACE_WITH></ITEM><ITEM><SEARCH_FOR><![CDATA[tmr]]></SEARCH_FOR><REPLACE_WITH><![CDATA[TOO_MANY_ROWS]]></REPLACE_WITH></ITEM><ITEM><SEARCH_FOR><![CDATA[wco]]></SEARCH_FOR><REPLACE_WITH><![CDATA[where current of]]></REPLACE_WITH></ITEM><ITEM><SEARCH_FOR><![CDATA[whenothers]]></SEARCH_FOR><REPLACE_WITH><![CDATA[when others]]></REPLACE_WITH></ITEM><ITEM><SEARCH_FOR><![CDATA[whil]]></SEARCH_FOR><REPLACE_WITH><![CDATA[while]]></REPLACE_WITH></ITEM></ITEMS></AUTO_REPLACE>
