<?xml version="1.0" encoding="UTF-8"?>
<FilterHistory><Filter Type="41">*</Filter><Filter Type="8">*utlprp*</Filter><Filter Type="10">*utlprp*</Filter><Filter Type="10">*recomp*</Filter><Filter Type="0">*</Filter><Filter Type="15">*</Filter><Filter Type="19">*</Filter><Filter Type="19">*user*</Filter><Filter Type="19">usr</Filter><Filter Type="19">"constr*</Filter><Filter Type="18">*</Filter><Filter Type="4">*</Filter><Filter Type="2">*</Filter><Filter Type="5">*</Filter><Filter Type="12">*</Filter><Filter Type="14">*</Filter><Filter Type="21">*</Filter><Filter Type="19">ROLE</Filter><Filter Type="16">Roles</Filter><Filter Type="19">*type*</Filter><Filter Type="22">*</Filter></FilterHistory>
