﻿{
 "Rules": [
  {
   "SampleValues": "first name, first_name, first-name, first.name, firstname, first",
   "Expression": "(?i)\\b(first[ _\\-.]?(?:name)?)\\b",
   "Enabled": true,
   "Category": "Names",
   "RuleID": 1000,
   "Type": 0,
   "Name": "First Name"
  },{
   "SampleValues": "f_name, f-name, f.name, fname",
   "Expression": "(?i)\\b(f[_\\-.]?name)\\b",
   "Enabled": true,
   "Category": "Names",
   "RuleID": 1001,
   "Type": 0,
   "Name": "First Name (abbreviated)"
  },{
   "SampleValues": "middle name, middle_name, middle-name, middle.name, middlename, middle",
   "Expression": "(?i)\\b(middle[ _\\-.]?(?:name)?)\\b",
   "Enabled": true,
   "Category": "Names",
   "RuleID": 1002,
   "Type": 0,
   "Name": "Middle Name"
  },{
   "SampleValues": "m_name, m-name, m.name, mname",
   "Expression": "(?i)\\b(m[_\\-.]?name)\\b",
   "Enabled": true,
   "Category": "Names",
   "RuleID": 1003,
   "Type": 0,
   "Name": "Middle Name (abbreviated)"
  },{
   "SampleValues": "last name, last_name, last-name, last.name, lastname, last",
   "Expression": "(?i)\\b(last[ _\\-.]?(?:name)?)\\b",
   "Enabled": true,
   "Category": "Names",
   "RuleID": 1004,
   "Type": 0,
   "Name": "Last Name"
  },{
   "SampleValues": "l_name, l-name, l.name, lname",
   "Expression": "(?i)\\b(l[_\\-.]?name)\\b",
   "Enabled": true,
   "Category": "Names",
   "RuleID": 1005,
   "Type": 0,
   "Name": "Last Name (abbreviated)"
  },{
   "SampleValues": "surname",
   "Expression": "(?i)\\b(surname)\\b",
   "Enabled": true,
   "Category": "Names",
   "RuleID": 1006,
   "Type": 0,
   "Name": "Surname"
  },{
   "SampleValues": "maiden name, maiden_name, maiden-name, maiden.name, maidenname, maiden",
   "Expression": "(?i)\\b(maiden[ _\\-.]?(?:name)?)\\b",
   "Enabled": true,
   "Category": "Names",
   "RuleID": 1007,
   "Type": 0,
   "Name": "Maiden Name"
  },{
   "SampleValues": "maid_name, maid-name, maid.name",
   "Expression": "(?i)\\b(maid[_\\-.]?name)\\b",
   "Enabled": true,
   "Category": "Names",
   "RuleID": 1008,
   "Type": 0,
   "Name": "Maiden Name (abbreviated)"
  },{
   "SampleValues": "given name, given_name, given-name, given.name, givenname, given",
   "Expression": "(?i)\\b(given[ _\\-.]?(?:name)?)\\b",
   "Enabled": true,
   "Category": "Names",
   "RuleID": 1009,
   "Type": 0,
   "Name": "Given Name"
  },{
   "SampleValues": "gvn_name, gvn-name, g_name, g-name, g.name, gvnname, gname",
   "Expression": "(?i)\\b(g(?:vn)?[_\\-.]?name)\\b",
   "Enabled": true,
   "Category": "Names",
   "RuleID": 1010,
   "Type": 0,
   "Name": "Given Name (abbreviated)"
  },{
   "SampleValues": "",
   "Expression": "(?i)\\b(gname)\\b",
   "Enabled": false,
   "Category": "Names",
   "RuleID": 1011,
   "Type": 0,
   "Name": "Given Name (abbreviated 2)"
  },{
   "SampleValues": "address, address_2, addr_1, address-3, addr-4, address 5, address2",
   "Expression": "(?i)\\b(addr(?:ess)?[ _\\-.]?\\d*)\\b",
   "Enabled": true,
   "Category": "Addresses",
   "RuleID": 1100,
   "Type": 0,
   "Name": "Address"
  },{
   "SampleValues": "po box, po-box, po_box, p.o. box, p.o._box, pobox",
   "Expression": "(?i)\\b(p[.]?[ ]?o[.]?[ _\\-.]?box)\\b",
   "Enabled": true,
   "Category": "Addresses",
   "RuleID": 1101,
   "Type": 0,
   "Name": "PO Box"
  },{
   "SampleValues": "postal code, postal_code, postal-code, postal.code, postalcode",
   "Expression": "(?i)\\b(postal[ _\\-.]?code)\\b",
   "Enabled": true,
   "Category": "Addresses",
   "RuleID": 1102,
   "Type": 0,
   "Name": "Postal Code"
  },{
   "SampleValues": "zip code, zip_code, zip-code, zip.code, zipcode",
   "Expression": "(?i)\\b(zip[ _\\-.]?code)\\b",
   "Enabled": true,
   "Category": "Addresses",
   "RuleID": 1103,
   "Type": 0,
   "Name": "ZIP Code"
  },{
   "SampleValues": "social security number, social_security_number, soc_sec_num, social-sec-num, social-sec.num, socialsecnum",
   "Expression": "(?i)\\b(soc(?:ial)?[ _\\-.]?sec(?:urity)?[ _\\-.]?num(?:ber)?[ _\\-.]?\\d*)\\b",
   "Enabled": true,
   "Category": "Identifiers",
   "RuleID": 1200,
   "Type": 0,
   "Name": "SSN (US)"
  },{
   "SampleValues": "social security no, social_security_no, soc_sec_no, social-sec-no, social-sec.no, socialsecno",
   "Expression": "(?i)\\b(soc(?:ial)?[ _\\-.]?sec(?:urity)?[ _\\-.]?no[ _\\-.]?\\d*)\\b",
   "Enabled": true,
   "Category": "Identifiers",
   "RuleID": 1201,
   "Type": 0,
   "Name": "SSN (US)"
  },{
   "SampleValues": "ssn, ssn 2, ssn_3, ssn-4, ssn.5",
   "Expression": "(?i)\\b(ssn[ _\\-.]?\\d*)\\b",
   "Enabled": true,
   "Category": "Identifiers",
   "RuleID": 1202,
   "Type": 0,
   "Name": "SSN (US) (abbreviated)"
  },{
   "SampleValues": "social insurance number, social_insurance_number, soc_ins_num, social-ins-num, social-ins.num, socialinsnum",
   "Expression": "(?i)\\b(soc(?:ial)?[ _\\-.]?ins(?:urance)?[ _\\-.]?num(?:ber)?[ _\\-.]?\\d*)\\b",
   "Enabled": true,
   "Category": "Identifiers",
   "RuleID": 1203,
   "Type": 0,
   "Name": "Social Insurance Number"
  },{
   "SampleValues": "social insurance no, social_insurance_no, soc_ins_no, social-ins-no, social-ins.no, socialinsno",
   "Expression": "(?i)\\b(soc(?:ial)?[ _\\-.]?ins(?:urance)?[ _\\-.]?no[ _\\-.]?\\d*)\\b",
   "Enabled": true,
   "Category": "Identifiers",
   "RuleID": 1204,
   "Type": 0,
   "Name": "Social Insurance Number"
  },{
   "SampleValues": "national insurance number, national_insurance_number, nat_ins_num, national-ins-num, national-ins.num, nationalinsnum",
   "Expression": "(?i)\\b(nat(?:ional)?[ _\\-.]?ins(?:urance)?[ _\\-.]?num(?:ber)?[ _\\-.]?\\d*)\\b",
   "Enabled": true,
   "Category": "Identifiers",
   "RuleID": 1205,
   "Type": 0,
   "Name": "National Insurance Number"
  },{
   "SampleValues": "national insurance no, national_insurance_no, nat_ins_no, national-ins-no, national-ins.no, nationalinsno",
   "Expression": "(?i)\\b(nat(?:ional)?[ _\\-.]?ins(?:urance)?[ _\\-.]?no[ _\\-.]?\\d*)\\b",
   "Enabled": true,
   "Category": "Identifiers",
   "RuleID": 1206,
   "Type": 0,
   "Name": "National Insurance Number"
  },{
   "SampleValues": "national identity number, national_identification_number, national-identifier-num, nat_id_num, national-ident-num, national-id.num, nationalidnum",
   "Expression": "(?i)\\b(nat(?:ional)?[ _\\-.]?id(?:ent|entity|entification|entifier)?[ _\\-.]?num(?:ber)?[ _\\-.]?\\d*)\\b",
   "Enabled": true,
   "Category": "Identifiers",
   "RuleID": 1207,
   "Type": 0,
   "Name": "National Identity Number"
  },{
   "SampleValues": "national identity no, national_identification_no, national-identifier-no, nat_id_no, national-ident-no, national-id.no, nationalidno",
   "Expression": "(?i)\\b(nat(?:ional)?[ _\\-.]?id(?:ent|entity|entification|entifier)?[ _\\-.]?no[ _\\-.]?\\d*)\\b",
   "Enabled": true,
   "Category": "Identifiers",
   "RuleID": 1208,
   "Type": 0,
   "Name": "National Identity Number"
  },{
   "SampleValues": "tax file number, tax_file_number, tax-file-num, tax-file.num, taxfilenum",
   "Expression": "(?i)\\b(tax[ _\\-.]?(?:file[ _\\-.]?)?num(?:ber)?[ _\\-.]?\\d*)\\b",
   "Enabled": true,
   "Category": "Identifiers",
   "RuleID": 1209,
   "Type": 0,
   "Name": "Tax File Number"
  },{
   "SampleValues": "tax file no, tax_file_no, tax-file-no, tax-file.no, taxfileno",
   "Expression": "(?i)\\b(tax[ _\\-.]?(?:file[ _\\-.]?)?no[ _\\-.]?\\d*)\\b",
   "Enabled": true,
   "Category": "Identifiers",
   "RuleID": 1210,
   "Type": 0,
   "Name": "Tax File Number"
  },{
   "SampleValues": "sin, sin 2, sin_3, sin-4, sin.5",
   "Expression": "(?i)\\b(sin[ _\\-.]?\\d*)\\b",
   "Enabled": true,
   "Category": "Identifiers",
   "RuleID": 1211,
   "Type": 0,
   "Name": "Social Insurance Number (abbreviated)"
  },{
   "SampleValues": "nino, nino 2, nino_3, nino-4, nino.5",
   "Expression": "(?i)\\b(nino[ _\\-.]?\\d*)\\b",
   "Enabled": true,
   "Category": "Identifiers",
   "RuleID": 1212,
   "Type": 0,
   "Name": "NINO (abbreviated)"
  },{
   "SampleValues": "nin, nin 2, nin_3, nin-4, nin.5",
   "Expression": "(?i)\\b(nin[ _\\-.]?\\d*)\\b",
   "Enabled": true,
   "Category": "Identifiers",
   "RuleID": 1213,
   "Type": 0,
   "Name": "NIN (abbreviated)"
  },{
   "SampleValues": "tfn, tfn 2, tfn_3, tfn-4, tfn.5",
   "Expression": "(?i)\\b(tfn[ _\\-.]?\\d*)\\b",
   "Enabled": true,
   "Category": "Identifiers",
   "RuleID": 1214,
   "Type": 0,
   "Name": "Tax File Number (abbreviated)"
  },{
   "SampleValues": "zentrales_melderegister, zentrales_meld, zen-melde, zen melde 2",
   "Expression": "(?i)\\b(zen(?:trales)?[ _\\-.]?meld(?:e(?:register)?)?[ _\\-.]?\\d*)\\b",
   "Enabled": true,
   "Category": "Identifiers",
   "RuleID": 1215,
   "Type": 0,
   "Name": "ZMR-Zahl (Austria)"
  },{
   "SampleValues": "zmr, zmr zahl 2, zmr_zahl_3, zmr-4, zmr.5",
   "Expression": "(?i)\\b(zmr[ _\\-.]?(?:zahl)?[ _\\-.]?\\d*)\\b",
   "Enabled": true,
   "Category": "Identifiers",
   "RuleID": 1216,
   "Type": 0,
   "Name": "ZMR-Zahl (Austria) (abbreviated)"
  },{
   "SampleValues": "asvg, asvg 2, asvg_3, asvg-4, asvg.5",
   "Expression": "(?i)\\b(asvg[ _\\-.]?\\d*)\\b",
   "Enabled": true,
   "Category": "Identifiers",
   "RuleID": 1217,
   "Type": 0,
   "Name": "ASVG (Austria) (abbreviated)"
  },{
   "SampleValues": "sspin, sspin 2, sspin_3, sspin-4, sspin.5",
   "Expression": "(?i)\\b(sspin[ _\\-.]?\\d*)\\b",
   "Enabled": true,
   "Category": "Identifiers",
   "RuleID": 1218,
   "Type": 0,
   "Name": "ssPIN (Austria) (abbreviated)"
  },{
   "SampleValues": "bein, bein 2, be.in_3, bein-4, be.in.5",
   "Expression": "(?i)\\b(be[.]?in[ _\\-.]?\\d*)\\b",
   "Enabled": true,
   "Category": "Identifiers",
   "RuleID": 1219,
   "Type": 0,
   "Name": "BE.IN (Belgium) (abbreviated)"
  },{
   "SampleValues": "egn, egn 2, egn_3, egn-4, egn.5",
   "Expression": "(?i)\\b(egn[ _\\-.]?\\d*)\\b",
   "Enabled": true,
   "Category": "Identifiers",
   "RuleID": 1220,
   "Type": 0,
   "Name": "EGN (Bulgaria) (abbreviated)"
  },{
   "SampleValues": "R\u010c, RC 2, RC_3, R\u010c-4, R\u010c.5",
   "Expression": "(?i)\\b(R[C|\\x{010C}][ _\\-.]?\\d*)",
   "Enabled": true,
   "Category": "Identifiers",
   "RuleID": 1221,
   "Type": 0,
   "Name": "R\u010c (Czech, Slovakia) (abbreviated)"
  },{
   "SampleValues": "\u010cOP, COP 2, COP_3, \u010cOP-4, \u010cOP.5",
   "Expression": "(?i)([\\x{010C},C]OP[ _\\-.]?\\d*)\\b",
   "Enabled": true,
   "Category": "Identifiers",
   "RuleID": 1222,
   "Type": 0,
   "Name": "\u010cOP (Czech, Slovakia) (abbreviated)"
  },{
   "SampleValues": "cpr, cpr 2, cpr_3, cpr-4, cpr.5",
   "Expression": "(?i)\\b(cpr[ _\\-.]?\\d*)\\b",
   "Enabled": true,
   "Category": "Identifiers",
   "RuleID": 1223,
   "Type": 0,
   "Name": "CPR (Denmark) (abbreviated)"
  },{
   "SampleValues": "ik, ik 2, ik_3, ik-4, ik.5",
   "Expression": "(?i)\\b(ik[ _\\-.]?\\d*)\\b",
   "Enabled": true,
   "Category": "Identifiers",
   "RuleID": 1224,
   "Type": 0,
   "Name": "IK (Estonia) (abbreviated)"
  },{
   "SampleValues": "iban, iban 2, iban_3, iban-4, iban.5",
   "Expression": "(?i)\\b(iban[ _\\-.]?\\d*)\\b",
   "Enabled": true,
   "Category": "Identifiers",
   "RuleID": 1225,
   "Type": 0,
   "Name": "IBAN (Europe) (abbreviated)"
  },{
   "SampleValues": "hetu, hetu 2, hetu_3, hetu-4, hetu.5",
   "Expression": "(?i)\\b(hetu[ _\\-.]?\\d*)\\b",
   "Enabled": true,
   "Category": "Identifiers",
   "RuleID": 1226,
   "Type": 0,
   "Name": "HETU (Finland) (abbreviated)"
  },{
   "SampleValues": "nir, nir 2, nir_3, nir-4, nir.5",
   "Expression": "(?i)\\b(nir[ _\\-.]?\\d*)\\b",
   "Enabled": true,
   "Category": "Identifiers",
   "RuleID": 1227,
   "Type": 0,
   "Name": "NIR (France) (abbreviated)"
  },{
   "SampleValues": "pk, pk 2, pk_3, pk-4, pk.5",
   "Expression": "(?i)\\b(pk[ _\\-.]?\\d*)\\b",
   "Enabled": true,
   "Category": "Identifiers",
   "RuleID": 1228,
   "Type": 0,
   "Name": "PK (Germany, Latvia) (abbreviated)"
  },{
   "SampleValues": "taj, taj 2, taj_3, taj-4, taj.5",
   "Expression": "(?i)\\b(taj[ _\\-.]?\\d*)\\b",
   "Enabled": true,
   "Category": "Identifiers",
   "RuleID": 1229,
   "Type": 0,
   "Name": "TAJ (Hungary) (abbreviated)"
  },{
   "SampleValues": "szam, szam 2, szam_3, szam-4, szam.5",
   "Expression": "(?i)\\b(szam[ _\\-.]?\\d*)\\b",
   "Enabled": true,
   "Category": "Identifiers",
   "RuleID": 1230,
   "Type": 0,
   "Name": "Szam (Hungary) (abbreviated)"
  },{
   "SampleValues": "pps, pps 2, pps_3, pps-4, pps.5",
   "Expression": "(?i)\\b(pps[ _\\-.]?(?:num(?:ber)?)?[ _\\-.]?\\d*)\\b",
   "Enabled": true,
   "Category": "Identifiers",
   "RuleID": 1231,
   "Type": 0,
   "Name": "PPS (Ireland) (abbreviated)"
  },{
   "SampleValues": "cf, cf 2, cf_3, cf-4, cf.5",
   "Expression": "(?i)\\b(cf[ _\\-.]?\\d*)\\b",
   "Enabled": true,
   "Category": "Identifiers",
   "RuleID": 1232,
   "Type": 0,
   "Name": "CF (Italy) (abbreviated)"
  },{
   "SampleValues": "ak, ak 2, ak_3, ak-4, ak.5",
   "Expression": "(?i)\\b(ak[ _\\-.]?\\d*)\\b",
   "Enabled": true,
   "Category": "Identifiers",
   "RuleID": 1233,
   "Type": 0,
   "Name": "AK (Lithuania) (abbreviated)"
  },{
   "SampleValues": "bsn, bsn 2, bsn_3, bsn-4, bsn.5",
   "Expression": "(?i)\\b(bsn[ _\\-.]?\\d*)\\b",
   "Enabled": true,
   "Category": "Identifiers",
   "RuleID": 1234,
   "Type": 0,
   "Name": "BSN (Netherlands) (abbreviated)"
  },{
   "SampleValues": "fn, fn 2, fn_3, fn-4, fn.5",
   "Expression": "(?i)\\b(fn[ _\\-.]?\\d*)\\b",
   "Enabled": true,
   "Category": "Identifiers",
   "RuleID": 1235,
   "Type": 0,
   "Name": "FN (Norway) (abbreviated)"
  },{
   "SampleValues": "pesel, pesel 2, pesel_3, pesel-4, pesel.5",
   "Expression": "(?i)\\b(pesel[ _\\-.]?\\d*)\\b",
   "Enabled": true,
   "Category": "Identifiers",
   "RuleID": 1236,
   "Type": 0,
   "Name": "PESEL (Poland) (abbreviated)"
  },{
   "SampleValues": "cnf, cnf 2, cnf_3, cnf-4, cnf.5",
   "Expression": "(?i)\\b(cnf[ _\\-.]?\\d*)\\b",
   "Enabled": true,
   "Category": "Identifiers",
   "RuleID": 1237,
   "Type": 0,
   "Name": "CNF (Romania) (abbreviated)"
  },{
   "SampleValues": "dni, dni 2, dni_3, dni-4, dni.5",
   "Expression": "(?i)\\b(dni[ _\\-.]?\\d*)\\b",
   "Enabled": true,
   "Category": "Identifiers",
   "RuleID": 1238,
   "Type": 0,
   "Name": "DNI (Spain) (abbreviated)"
  },{
   "SampleValues": "personnr, personnr 2, personnr_3, personnr-4, personnr.5",
   "Expression": "(?i)\\b(personnr[ _\\-.]?\\d*)\\b",
   "Enabled": true,
   "Category": "Identifiers",
   "RuleID": 1239,
   "Type": 0,
   "Name": "Personnr (Sweden)"
  },{
   "SampleValues": "avs, avs 2, avs_3, avs-4, avs.5",
   "Expression": "(?i)\\b(avs[ _\\-.]?\\d*)\\b",
   "Enabled": true,
   "Category": "Identifiers",
   "RuleID": 1240,
   "Type": 0,
   "Name": "AVS (Switzerland) (abbreviated)"
  },{
   "SampleValues": "ni, ni 2, ni_3, ni-4, ni.5",
   "Expression": "(?i)\\b(ni[ _\\-.]?\\d*)\\b",
   "Enabled": true,
   "Category": "Identifiers",
   "RuleID": 1241,
   "Type": 0,
   "Name": "NI (UK) (abbreviated)"
  },{
   "SampleValues": "sis, sis 2, sis_3, sis-4, sis_num.5, sis-number-6",
   "Expression": "(?i)\\b(sis[ _\\-.]?(?:num(?:ber)?)?[ _\\-.]?\\d*)\\b",
   "Enabled": true,
   "Category": "Identifiers",
   "RuleID": 1242,
   "Type": 0,
   "Name": "SIS (Belgium) (abbreviated)"
  },{
   "SampleValues": "sis, sis 2, sis_3, sis-4, sis_no.5, sis-no-6",
   "Expression": "(?i)\\b(sis[ _\\-.]?(?:no)?[ _\\-.]?\\d*)\\b",
   "Enabled": true,
   "Category": "Identifiers",
   "RuleID": 1243,
   "Type": 0,
   "Name": "SIS (Belgium) (abbreviated)"
  },{
   "SampleValues": "social information number, social_info_number, soc_inf_num, social-inf-num, social-inf.num, socialinfonum",
   "Expression": "(?i)\\b(soc(?:ial)?[ _\\-.]?inf(?:o(?:rmation)?)?[ _\\-.]?num(?:ber)?[ _\\-.]?\\d*)\\b",
   "Enabled": true,
   "Category": "Identifiers",
   "RuleID": 1244,
   "Type": 0,
   "Name": "Social Information Number"
  },{
   "SampleValues": "social information no, social_info_no, soc_inf_no, social-inf-no, social-inf.no, socialinfono",
   "Expression": "(?i)\\b(soc(?:ial)?[ _\\-.]?inf(?:o(?:rmation)?)?[ _\\-.]?no[ _\\-.]?\\d*)\\b",
   "Enabled": true,
   "Category": "Identifiers",
   "RuleID": 1245,
   "Type": 0,
   "Name": "Social Information Number"
  },{
   "SampleValues": "uniform civil number, uniform_civil_number, uniform_civ_num, uniform-civ-num, uniform-civ.num, uniformcivnum",
   "Expression": "(?i)\\b(uniform[ _\\-.]?civ(?:il)?[ _\\-.]?num(?:ber)?[ _\\-.]?\\d*)\\b",
   "Enabled": true,
   "Category": "Identifiers",
   "RuleID": 1246,
   "Type": 0,
   "Name": "Uniform Civil Number"
  },{
   "SampleValues": "uniform civil no, uniform_civil_no, uniform_civ_no, uniform-civ-no, uniform-civ.no, uniformcivno",
   "Expression": "(?i)\\b(uniform[ _\\-.]?civ(?:il)?[ _\\-.]?no[ _\\-.]?\\d*)\\b",
   "Enabled": true,
   "Category": "Identifiers",
   "RuleID": 1247,
   "Type": 0,
   "Name": "Uniform Civil Number"
  },{
   "SampleValues": "birth number, birth_number, birth-num, birth.num, birthnum",
   "Expression": "(?i)\\b(birth[ _\\-.]?num(?:ber)?[ _\\-.]?\\d*)\\b",
   "Enabled": true,
   "Category": "Identifiers",
   "RuleID": 1248,
   "Type": 0,
   "Name": "Birth Number"
  },{
   "SampleValues": "birth no, birth_no, birth-no, birth.no, birthno",
   "Expression": "(?i)\\b(birth[ _\\-.]?no[ _\\-.]?\\d*)\\b",
   "Enabled": true,
   "Category": "Identifiers",
   "RuleID": 1249,
   "Type": 0,
   "Name": "Birth Number"
  },{
   "SampleValues": "isikukood, isikukood 2, isikukood_3, isikukood-4, isikukood.5",
   "Expression": "(?i)\\b(isikukood[ _\\-.]?\\d*)\\b",
   "Enabled": true,
   "Category": "Identifiers",
   "RuleID": 1250,
   "Type": 0,
   "Name": "Isikukood (Estonia)"
  },{
   "SampleValues": "personal identity code, personal_id_code, per_id_code, pers-id-code, personalid.code, personalidcode",
   "Expression": "(?i)\\b(per(?:s(?:onal)?)?[ _\\-.]?id(?:entity)?[ _\\-.]?code[ _\\-.]?\\d*)\\b",
   "Enabled": true,
   "Category": "Identifiers",
   "RuleID": 1251,
   "Type": 0,
   "Name": "Personal Identity Code"
  },{
   "SampleValues": "personal identification number, personal_ident_num, per_id_num, pers-id-num, personalid.num, personalidnum",
   "Expression": "(?i)\\b(per(?:s(?:onal)?)?[ _\\-.]?id(?:ent(?:ification)?)?[ _\\-.]?num(?:ber)?[ _\\-.]?\\d*)\\b",
   "Enabled": true,
   "Category": "Identifiers",
   "RuleID": 1252,
   "Type": 0,
   "Name": "Personal Identification Number"
  },{
   "SampleValues": "personal identification no, personal_ident_no, per_id_no, pers-id-no, personalid.no, personalidno",
   "Expression": "(?i)\\b(per(?:s(?:onal)?)?[ _\\-.]?id(?:ent(?:ification)?)?[ _\\-.]?no[ _\\-.]?\\d*)\\b",
   "Enabled": true,
   "Category": "Identifiers",
   "RuleID": 1253,
   "Type": 0,
   "Name": "Personal Identification Number"
  },{
   "SampleValues": "personenkennziffer, personen_ken, pers_ken, pers-ken-2, pers.ken, personenken",
   "Expression": "(?i)\\b(per(?:s(?:onen)?)?[ _\\-.]?ken(?:nziffer)?[ _\\-.]?\\d*)\\b",
   "Enabled": true,
   "Category": "Identifiers",
   "RuleID": 1254,
   "Type": 0,
   "Name": "Personenkennziffer (Germany)"
  },{
   "SampleValues": "steuer ident number, steuer_ident_num, steuer_id_num, steuer-id-num, steuerid.num, steueridnum",
   "Expression": "(?i)\\b(steuer[ _\\-.]?id(?:ent)?[ _\\-.]?(?:num(?:ber)?)?[ _\\-.]?\\d*)\\b",
   "Enabled": true,
   "Category": "Identifiers",
   "RuleID": 1255,
   "Type": 0,
   "Name": "Steuer ID (Germany)"
  },{
   "SampleValues": "tautotita, tautotita 2, tautotita_3, tautotita-4, tautotita.5",
   "Expression": "(?i)\\b(tautotita[ _\\-.]?\\d*)\\b",
   "Enabled": true,
   "Category": "Identifiers",
   "RuleID": 1256,
   "Type": 0,
   "Name": "Tautotita (Greece)"
  },{
   "SampleValues": "codice fiscale, codice_fiscale, codice_fisc, codice-fisc, codice.fisc, codicefisc",
   "Expression": "(?i)\\b(codice[ _\\-.]?fisc(?:ale)?[ _\\-.]?\\d*)\\b",
   "Enabled": true,
   "Category": "Identifiers",
   "RuleID": 1257,
   "Type": 0,
   "Name": "Codice Fiscale (Italy)"
  },{
   "SampleValues": "telephone number, telephone_number, tel-num, tel.num, telnum",
   "Expression": "(?i)\\b(tel(?:ephone)?[ _\\-.]?num(?:ber)?[ _\\-.]?\\d*)\\b",
   "Enabled": true,
   "Category": "Technology",
   "RuleID": 1300,
   "Type": 0,
   "Name": "Telephone Number"
  },{
   "SampleValues": "telephone no, telephone_no, tel-no, tel.no, telno",
   "Expression": "(?i)\\b(tel(?:ephone)?[ _\\-.]?no[ _\\-.]?\\d*)\\b",
   "Enabled": true,
   "Category": "Technology",
   "RuleID": 1301,
   "Type": 0,
   "Name": "Telephone Number 2"
  },{
   "SampleValues": "phone number, phone_number, bus-phone-num, home-phone.num, phonenum",
   "Expression": "(?i)\\b\\w*[ _\\-.]?(phone[ _\\-.]?num(?:ber)?[ _\\-.]?\\d*)\\b",
   "Enabled": true,
   "Category": "Technology",
   "RuleID": 1302,
   "Type": 0,
   "Name": "Telephone Number 3"
  },{
   "SampleValues": "phone no, phone_no, bus-phone-no, home-phone.no, phoneno",
   "Expression": "(?i)\\b\\w*[ _\\-.]?(phone[ _\\-.]?no[ _\\-.]?\\d*)\\b",
   "Enabled": true,
   "Category": "Technology",
   "RuleID": 1303,
   "Type": 0,
   "Name": "Telephone Number 4"
  },{
   "SampleValues": "telephone, telephone_2, tel-3, tel.4, tel5",
   "Expression": "(?i)\\b\\w*[ _\\-.]?(tel(?:ephone)?[ _\\-.]?\\d*)\\b",
   "Enabled": true,
   "Category": "Technology",
   "RuleID": 1304,
   "Type": 0,
   "Name": "Telephone Number (abbreviated)"
  },{
   "SampleValues": "phone, phone_2, bus-phone-3, home-phone.4, phone5",
   "Expression": "(?i)\\b\\w*[ _\\-.]?(phone[ _\\-.]?\\d*)\\b",
   "Enabled": true,
   "Category": "Technology",
   "RuleID": 1305,
   "Type": 0,
   "Name": "Telephone Number (abbreviated 2)"
  },{
   "SampleValues": "home number, home_number, home-num, home.num, homenum",
   "Expression": "(?i)\\b(home[ _\\-.]?num(?:ber)?[ _\\-.]?\\d*)\\b",
   "Enabled": true,
   "Category": "Technology",
   "RuleID": 1306,
   "Type": 0,
   "Name": "Home Number"
  },{
   "SampleValues": "home no, home_no, home-no, home.no, homeno",
   "Expression": "(?i)\\b(home[ _\\-.]?no[ _\\-.]?\\d*)\\b",
   "Enabled": true,
   "Category": "Technology",
   "RuleID": 1307,
   "Type": 0,
   "Name": "Home Number 2"
  },{
   "SampleValues": "home phone, home_phone, home-phone, home.phone, homephone",
   "Expression": "(?i)\\b(home[ _\\-.]?phone[ _\\-.]?\\d*)\\b",
   "Enabled": true,
   "Category": "Technology",
   "RuleID": 1308,
   "Type": 0,
   "Name": "Home Number 3"
  },{
   "SampleValues": "home, home_2, home-3, home.4, home5",
   "Expression": "(?i)\\b(home[ _\\-.]?\\d*)\\b",
   "Enabled": true,
   "Category": "Technology",
   "RuleID": 1309,
   "Type": 0,
   "Name": "Home Number 4"
  },{
   "SampleValues": "cell number, cell_number, cell-num, cell.num, cellnum",
   "Expression": "(?i)\\b(cell[ _\\-.]?num(?:ber)?[ _\\-.]?\\d*)\\b",
   "Enabled": true,
   "Category": "Technology",
   "RuleID": 1310,
   "Type": 0,
   "Name": "Cell Number"
  },{
   "SampleValues": "cell no, cell_no, cell-no, cell.no, cellno",
   "Expression": "(?i)\\b(cell[ _\\-.]?no[ _\\-.]?\\d*)\\b",
   "Enabled": true,
   "Category": "Technology",
   "RuleID": 1311,
   "Type": 0,
   "Name": "Cell Number 2"
  },{
   "SampleValues": "cell phone, cell_phone, cell-phone, cell.phone, cellphone",
   "Expression": "(?i)\\b(cell[ _\\-.]?phone[ _\\-.]?\\d*)\\b",
   "Enabled": true,
   "Category": "Technology",
   "RuleID": 1312,
   "Type": 0,
   "Name": "Cell Number 3"
  },{
   "SampleValues": "cell, cell_2, cell-3, cell.4, cell5",
   "Expression": "(?i)\\b(cell[ _\\-.]?\\d*)\\b",
   "Enabled": true,
   "Category": "Technology",
   "RuleID": 1313,
   "Type": 0,
   "Name": "Cell Number 4"
  },{
   "SampleValues": "business number, bus_number, bus-num, bus.num, busnum",
   "Expression": "(?i)\\b(bus(?:iness)?[ _\\-.]?num(?:ber)?[ _\\-.]?\\d*)\\b",
   "Enabled": true,
   "Category": "Technology",
   "RuleID": 1314,
   "Type": 0,
   "Name": "Business Number"
  },{
   "SampleValues": "business no, bus_no, bus-no, bus.no, busno",
   "Expression": "(?i)\\b(bus(?:iness)?[ _\\-.]?no[ _\\-.]?\\d*)\\b",
   "Enabled": true,
   "Category": "Technology",
   "RuleID": 1315,
   "Type": 0,
   "Name": "Business Number 2"
  },{
   "SampleValues": "business phone, bus_phone, bus-phone, bus.phone, busphone",
   "Expression": "(?i)\\b(bus(?:iness)?[ _\\-.]?phone[ _\\-.]?\\d*)\\b",
   "Enabled": true,
   "Category": "Technology",
   "RuleID": 1316,
   "Type": 0,
   "Name": "Business Number 3"
  },{
   "SampleValues": "business, bus_2, bus-3, bus.4, bus5",
   "Expression": "(?i)\\b(bus(?:iness)?[ _\\-.]?\\d*)\\b",
   "Enabled": true,
   "Category": "Technology",
   "RuleID": 1317,
   "Type": 0,
   "Name": "Business Number 4"
  },{
   "SampleValues": "alternate number, alt_number, alt-num, alt.num, altnum",
   "Expression": "(?i)\\b(alt(?:ernate)?[ _\\-.]?num(?:ber)?[ _\\-.]?\\d*)\\b",
   "Enabled": true,
   "Category": "Technology",
   "RuleID": 1318,
   "Type": 0,
   "Name": "Alternate Number"
  },{
   "SampleValues": "alternate no, alt_no, alt-no, alt.no, altno",
   "Expression": "(?i)\\b(alt(?:ernate)?[ _\\-.]?no[ _\\-.]?\\d*)\\b",
   "Enabled": true,
   "Category": "Technology",
   "RuleID": 1319,
   "Type": 0,
   "Name": "Alternate Number 2"
  },{
   "SampleValues": "alternate phone, alt_phone, alt-phone, alt.phone, altphone",
   "Expression": "(?i)\\b(alt(?:ernate)?[ _\\-.]?phone[ _\\-.]?\\d*)\\b",
   "Enabled": true,
   "Category": "Technology",
   "RuleID": 1320,
   "Type": 0,
   "Name": "Alternate Number 3"
  },{
   "SampleValues": "alternate, alt_2, alt-3, alt.4, alt5",
   "Expression": "(?i)\\b(alt(?:ernate)?[ _\\-.]?\\d*)\\b",
   "Enabled": true,
   "Category": "Technology",
   "RuleID": 1321,
   "Type": 0,
   "Name": "Alternate Number 4"
  },{
   "SampleValues": "email address, e-mail-addr, business_email_addr, alt.email.addr",
   "Expression": "(?i)\\b(\\w*[ _\\-.]?e[ _\\-.]?mail[ _\\-.]?addr(?:ess)?[ _\\-.]?\\d?w*)\\b",
   "Enabled": true,
   "Category": "Technology",
   "RuleID": 1322,
   "Type": 0,
   "Name": "Email Address"
  },{
   "SampleValues": "email, e-mail-2, business_email, alt.email.3",
   "Expression": "(?i)\\b(\\w*[ _\\-.]?e[ _\\-.]?mail[ _\\-.]?\\d*)\\b",
   "Enabled": true,
   "Category": "Technology",
   "RuleID": 1323,
   "Type": 0,
   "Name": "Email Address (abbreviated)"
  },{
   "SampleValues": "ip address, ip-addr, ip_addr, ip.addr-2",
   "Expression": "(?i)\\b(ip[ _\\-.]?addr(?:ess)?[ _\\-.]?\\d*)\\b",
   "Enabled": true,
   "Category": "Technology",
   "RuleID": 1324,
   "Type": 0,
   "Name": "IP Address"
  },{
   "SampleValues": "mac address, mac-addr, mac_addr, mac.addr-2",
   "Expression": "(?i)\\b(mac[ _\\-.]?addr(?:ess)?[ _\\-.]?\\d*)\\b",
   "Enabled": true,
   "Category": "Technology",
   "RuleID": 1325,
   "Type": 0,
   "Name": "MAC Address"
  },{
   "SampleValues": "credit card number, credit-card-num, ccardnum, cardnum, ccn",
   "Expression": "(?i)\\b((?:c(?:redit)?)?[ _\\-.]?c(?:ard)?[ _\\-.]?n(?:um(?:ber)?)?[ _\\-.]?\\d*)\\b",
   "Enabled": true,
   "Category": "Financial",
   "RuleID": 1400,
   "Type": 0,
   "Name": "Credit Card Number 1"
  },{
   "SampleValues": "credit card no, credit-card-no, ccardno, cardno, ccn",
   "Expression": "(?i)\\b((?:c(?:redit)?)?[ _\\-.]?c(?:ard)?[ _\\-.]?n(?:o)?[ _\\-.]?\\d*)\\b",
   "Enabled": true,
   "Category": "Financial",
   "RuleID": 1401,
   "Type": 0,
   "Name": "Credit Card Number 2"
  },{
   "SampleValues": "cvc, cvc2",
   "Expression": "(?i)\\b(cvc[2]?)\\b",
   "Enabled": true,
   "Category": "Financial",
   "RuleID": 1402,
   "Type": 0,
   "Name": "CVC2"
  },{
   "SampleValues": "cvv, cvv2",
   "Expression": "(?i)\\b(cvv[2]?)\\b",
   "Enabled": true,
   "Category": "Financial",
   "RuleID": 1403,
   "Type": 0,
   "Name": "CVV2"
  }]
}