<OBJECTS><OBJECT><NAME>Q1JFQVRFX1JFU1RPUkVfUE9JTlQ=</NAME><SCHEMA>QyMjREJTUw==</SCHEMA><TYPE>PROCEDURE</TYPE><PACKAGE>REJTU19GTEFTSEJBQ0s=</PACKAGE><OVERLOAD>0</OVERLOAD><BLOCK/><OPTIONS><OUTPUT><DBMS_OUTPUT enabled="false"/><COLLECTION_TYPES><FETCH_CURSOR enabled="false"/><DBMS_OUTPUT enabled="false"><FIXED_COL_WIDTH enabled="false"/><LIMIT_ROWS enabled="false"/></DBMS_OUTPUT></COLLECTION_TYPES></OUTPUT></OPTIONS><ARGUMENTS><ARGUMENT><ARGUMENT_TYPE>0</ARGUMENT_TYPE><DATA_LENGTH>0</DATA_LENGTH><DATA_LEVEL>0</DATA_LEVEL><DATA_PRECISION>0</DATA_PRECISION><DATA_SCALE>0</DATA_SCALE><DATA_TYPE>UkVGIENVUlNPUg==</DATA_TYPE><DEFAULTED>false</DEFAULTED><DEFAULT_VALUE/><IN_OUT>OUT</IN_OUT><INPUT_VALUE value_type="1" variant_type="1"/><NAME>UF9SRVNVTFRfT1VU</NAME><OBJECT_NAME>Q1JFQVRFX1JFU1RPUkVfUE9JTlQ=</OBJECT_NAME><OUTPUT_VALUE value_type="0" variant_type="1"/><PACKAGE>REJTU19GTEFTSEJBQ0s=</PACKAGE><PLS_TYPE/><POSITION>1</POSITION><RADIX>0</RADIX><SEQUENCE>1</SEQUENCE><TYPE_LINK/><TYPE_NAME/><TYPE_OWNER/><TYPE_SUBNAME/></ARGUMENT><ARGUMENT><ARGUMENT_TYPE>0</ARGUMENT_TYPE><DATA_LENGTH>128</DATA_LENGTH><DATA_LEVEL>0</DATA_LEVEL><DATA_PRECISION>0</DATA_PRECISION><DATA_SCALE>0</DATA_SCALE><DATA_TYPE>VkFSQ0hBUjI=</DATA_TYPE><DEFAULTED>true</DEFAULTED><DEFAULT_VALUE><![CDATA[g_c_restore_point]]></DEFAULT_VALUE><IN_OUT>IN</IN_OUT><INPUT_VALUE value_type="4" variant_type="1"/><NAME>UF9OQU1FX0lO</NAME><OBJECT_NAME>Q1JFQVRFX1JFU1RPUkVfUE9JTlQ=</OBJECT_NAME><OUTPUT_VALUE value_type="0" variant_type="1"/><PACKAGE>REJTU19GTEFTSEJBQ0s=</PACKAGE><PLS_TYPE>VkFSQ0hBUjI=</PLS_TYPE><POSITION>2</POSITION><RADIX>0</RADIX><SEQUENCE>2</SEQUENCE><TYPE_LINK/><TYPE_NAME/><TYPE_OWNER/><TYPE_SUBNAME/></ARGUMENT><ARGUMENT><ARGUMENT_TYPE>0</ARGUMENT_TYPE><DATA_LENGTH>0</DATA_LENGTH><DATA_LEVEL>0</DATA_LEVEL><DATA_PRECISION>0</DATA_PRECISION><DATA_SCALE>0</DATA_SCALE><DATA_TYPE>UEwvU1FMIEJPT0xFQU4=</DATA_TYPE><DEFAULTED>true</DEFAULTED><DEFAULT_VALUE><![CDATA[false]]></DEFAULT_VALUE><IN_OUT>IN</IN_OUT><INPUT_VALUE value_type="4" variant_type="1"/><NAME>UF9JU19DVVJTT1JfSU4=</NAME><OBJECT_NAME>Q1JFQVRFX1JFU1RPUkVfUE9JTlQ=</OBJECT_NAME><OUTPUT_VALUE value_type="0" variant_type="1"/><PACKAGE>REJTU19GTEFTSEJBQ0s=</PACKAGE><PLS_TYPE>Qk9PTEVBTg==</PLS_TYPE><POSITION>3</POSITION><RADIX>0</RADIX><SEQUENCE>3</SEQUENCE><TYPE_LINK/><TYPE_NAME/><TYPE_OWNER/><TYPE_SUBNAME/></ARGUMENT><ARGUMENT><ARGUMENT_TYPE>0</ARGUMENT_TYPE><DATA_LENGTH>0</DATA_LENGTH><DATA_LEVEL>0</DATA_LEVEL><DATA_PRECISION>0</DATA_PRECISION><DATA_SCALE>0</DATA_SCALE><DATA_TYPE>UEwvU1FMIEJPT0xFQU4=</DATA_TYPE><DEFAULTED>true</DEFAULTED><DEFAULT_VALUE><![CDATA[true]]></DEFAULT_VALUE><IN_OUT>IN</IN_OUT><INPUT_VALUE value_type="4" variant_type="1"/><NAME>UF9JU19FWEVDVVRFX0lO</NAME><OBJECT_NAME>Q1JFQVRFX1JFU1RPUkVfUE9JTlQ=</OBJECT_NAME><OUTPUT_VALUE value_type="0" variant_type="1"/><PACKAGE>REJTU19GTEFTSEJBQ0s=</PACKAGE><PLS_TYPE>Qk9PTEVBTg==</PLS_TYPE><POSITION>4</POSITION><RADIX>0</RADIX><SEQUENCE>4</SEQUENCE><TYPE_LINK/><TYPE_NAME/><TYPE_OWNER/><TYPE_SUBNAME/></ARGUMENT><ARGUMENT><ARGUMENT_TYPE>0</ARGUMENT_TYPE><DATA_LENGTH>0</DATA_LENGTH><DATA_LEVEL>0</DATA_LEVEL><DATA_PRECISION>0</DATA_PRECISION><DATA_SCALE>0</DATA_SCALE><DATA_TYPE>UEwvU1FMIEJPT0xFQU4=</DATA_TYPE><DEFAULTED>true</DEFAULTED><DEFAULT_VALUE><![CDATA[false]]></DEFAULT_VALUE><IN_OUT>IN</IN_OUT><INPUT_VALUE value_type="4" variant_type="1"/><NAME>UF9JU19QUklOVF9JTg==</NAME><OBJECT_NAME>Q1JFQVRFX1JFU1RPUkVfUE9JTlQ=</OBJECT_NAME><OUTPUT_VALUE value_type="0" variant_type="1"/><PACKAGE>REJTU19GTEFTSEJBQ0s=</PACKAGE><PLS_TYPE>Qk9PTEVBTg==</PLS_TYPE><POSITION>5</POSITION><RADIX>0</RADIX><SEQUENCE>5</SEQUENCE><TYPE_LINK/><TYPE_NAME/><TYPE_OWNER/><TYPE_SUBNAME/></ARGUMENT></ARGUMENTS></OBJECT><OBJECT><NAME>RFJPUF9SRVNUT1JFX1BPSU5U</NAME><SCHEMA>QyMjREJTUw==</SCHEMA><TYPE>PROCEDURE</TYPE><PACKAGE>REJTU19GTEFTSEJBQ0s=</PACKAGE><OVERLOAD>0</OVERLOAD><BLOCK/><OPTIONS><OUTPUT><DBMS_OUTPUT enabled="false"/><COLLECTION_TYPES><FETCH_CURSOR enabled="false"/><DBMS_OUTPUT enabled="false"><FIXED_COL_WIDTH enabled="false"/><LIMIT_ROWS enabled="false"/></DBMS_OUTPUT></COLLECTION_TYPES></OUTPUT></OPTIONS><ARGUMENTS><ARGUMENT><ARGUMENT_TYPE>0</ARGUMENT_TYPE><DATA_LENGTH>0</DATA_LENGTH><DATA_LEVEL>0</DATA_LEVEL><DATA_PRECISION>0</DATA_PRECISION><DATA_SCALE>0</DATA_SCALE><DATA_TYPE>UkVGIENVUlNPUg==</DATA_TYPE><DEFAULTED>false</DEFAULTED><DEFAULT_VALUE/><IN_OUT>OUT</IN_OUT><INPUT_VALUE value_type="1" variant_type="1"/><NAME>UF9SRVNVTFRfT1VU</NAME><OBJECT_NAME>RFJPUF9SRVNUT1JFX1BPSU5U</OBJECT_NAME><OUTPUT_VALUE value_type="0" variant_type="1"/><PACKAGE>REJTU19GTEFTSEJBQ0s=</PACKAGE><PLS_TYPE/><POSITION>1</POSITION><RADIX>0</RADIX><SEQUENCE>1</SEQUENCE><TYPE_LINK/><TYPE_NAME/><TYPE_OWNER/><TYPE_SUBNAME/></ARGUMENT><ARGUMENT><ARGUMENT_TYPE>0</ARGUMENT_TYPE><DATA_LENGTH>128</DATA_LENGTH><DATA_LEVEL>0</DATA_LEVEL><DATA_PRECISION>0</DATA_PRECISION><DATA_SCALE>0</DATA_SCALE><DATA_TYPE>VkFSQ0hBUjI=</DATA_TYPE><DEFAULTED>true</DEFAULTED><DEFAULT_VALUE><![CDATA[g_c_restore_point]]></DEFAULT_VALUE><IN_OUT>IN</IN_OUT><INPUT_VALUE value_type="4" variant_type="1"/><NAME>UF9OQU1FX0lO</NAME><OBJECT_NAME>RFJPUF9SRVNUT1JFX1BPSU5U</OBJECT_NAME><OUTPUT_VALUE value_type="0" variant_type="1"/><PACKAGE>REJTU19GTEFTSEJBQ0s=</PACKAGE><PLS_TYPE>VkFSQ0hBUjI=</PLS_TYPE><POSITION>2</POSITION><RADIX>0</RADIX><SEQUENCE>2</SEQUENCE><TYPE_LINK/><TYPE_NAME/><TYPE_OWNER/><TYPE_SUBNAME/></ARGUMENT><ARGUMENT><ARGUMENT_TYPE>0</ARGUMENT_TYPE><DATA_LENGTH>0</DATA_LENGTH><DATA_LEVEL>0</DATA_LEVEL><DATA_PRECISION>0</DATA_PRECISION><DATA_SCALE>0</DATA_SCALE><DATA_TYPE>UEwvU1FMIEJPT0xFQU4=</DATA_TYPE><DEFAULTED>true</DEFAULTED><DEFAULT_VALUE><![CDATA[false]]></DEFAULT_VALUE><IN_OUT>IN</IN_OUT><INPUT_VALUE value_type="4" variant_type="1"/><NAME>UF9JU19DVVJTT1JfSU4=</NAME><OBJECT_NAME>RFJPUF9SRVNUT1JFX1BPSU5U</OBJECT_NAME><OUTPUT_VALUE value_type="0" variant_type="1"/><PACKAGE>REJTU19GTEFTSEJBQ0s=</PACKAGE><PLS_TYPE>Qk9PTEVBTg==</PLS_TYPE><POSITION>3</POSITION><RADIX>0</RADIX><SEQUENCE>3</SEQUENCE><TYPE_LINK/><TYPE_NAME/><TYPE_OWNER/><TYPE_SUBNAME/></ARGUMENT><ARGUMENT><ARGUMENT_TYPE>0</ARGUMENT_TYPE><DATA_LENGTH>0</DATA_LENGTH><DATA_LEVEL>0</DATA_LEVEL><DATA_PRECISION>0</DATA_PRECISION><DATA_SCALE>0</DATA_SCALE><DATA_TYPE>UEwvU1FMIEJPT0xFQU4=</DATA_TYPE><DEFAULTED>true</DEFAULTED><DEFAULT_VALUE><![CDATA[true]]></DEFAULT_VALUE><IN_OUT>IN</IN_OUT><INPUT_VALUE value_type="4" variant_type="1"/><NAME>UF9JU19FWEVDVVRFX0lO</NAME><OBJECT_NAME>RFJPUF9SRVNUT1JFX1BPSU5U</OBJECT_NAME><OUTPUT_VALUE value_type="0" variant_type="1"/><PACKAGE>REJTU19GTEFTSEJBQ0s=</PACKAGE><PLS_TYPE>Qk9PTEVBTg==</PLS_TYPE><POSITION>4</POSITION><RADIX>0</RADIX><SEQUENCE>4</SEQUENCE><TYPE_LINK/><TYPE_NAME/><TYPE_OWNER/><TYPE_SUBNAME/></ARGUMENT><ARGUMENT><ARGUMENT_TYPE>0</ARGUMENT_TYPE><DATA_LENGTH>0</DATA_LENGTH><DATA_LEVEL>0</DATA_LEVEL><DATA_PRECISION>0</DATA_PRECISION><DATA_SCALE>0</DATA_SCALE><DATA_TYPE>UEwvU1FMIEJPT0xFQU4=</DATA_TYPE><DEFAULTED>true</DEFAULTED><DEFAULT_VALUE><![CDATA[false]]></DEFAULT_VALUE><IN_OUT>IN</IN_OUT><INPUT_VALUE value_type="4" variant_type="1"/><NAME>UF9JU19QUklOVF9JTg==</NAME><OBJECT_NAME>RFJPUF9SRVNUT1JFX1BPSU5U</OBJECT_NAME><OUTPUT_VALUE value_type="0" variant_type="1"/><PACKAGE>REJTU19GTEFTSEJBQ0s=</PACKAGE><PLS_TYPE>Qk9PTEVBTg==</PLS_TYPE><POSITION>5</POSITION><RADIX>0</RADIX><SEQUENCE>5</SEQUENCE><TYPE_LINK/><TYPE_NAME/><TYPE_OWNER/><TYPE_SUBNAME/></ARGUMENT></ARGUMENTS></OBJECT><OBJECT><NAME>RkxBU0hCQUNLX09GRg==</NAME><SCHEMA>QyMjREJTUw==</SCHEMA><TYPE>PROCEDURE</TYPE><PACKAGE>REJTU19GTEFTSEJBQ0s=</PACKAGE><OVERLOAD>0</OVERLOAD><BLOCK/><OPTIONS><OUTPUT><DBMS_OUTPUT enabled="false"/><COLLECTION_TYPES><FETCH_CURSOR enabled="false"/><DBMS_OUTPUT enabled="false"><FIXED_COL_WIDTH enabled="false"/><LIMIT_ROWS enabled="false"/></DBMS_OUTPUT></COLLECTION_TYPES></OUTPUT></OPTIONS><ARGUMENTS><ARGUMENT><ARGUMENT_TYPE>0</ARGUMENT_TYPE><DATA_LENGTH>0</DATA_LENGTH><DATA_LEVEL>0</DATA_LEVEL><DATA_PRECISION>0</DATA_PRECISION><DATA_SCALE>0</DATA_SCALE><DATA_TYPE>UkVGIENVUlNPUg==</DATA_TYPE><DEFAULTED>false</DEFAULTED><DEFAULT_VALUE/><IN_OUT>OUT</IN_OUT><INPUT_VALUE value_type="1" variant_type="1"/><NAME>UF9SRVNVTFRfT1VU</NAME><OBJECT_NAME>RkxBU0hCQUNLX09GRg==</OBJECT_NAME><OUTPUT_VALUE value_type="0" variant_type="1"/><PACKAGE>REJTU19GTEFTSEJBQ0s=</PACKAGE><PLS_TYPE/><POSITION>1</POSITION><RADIX>0</RADIX><SEQUENCE>1</SEQUENCE><TYPE_LINK/><TYPE_NAME/><TYPE_OWNER/><TYPE_SUBNAME/></ARGUMENT><ARGUMENT><ARGUMENT_TYPE>0</ARGUMENT_TYPE><DATA_LENGTH>0</DATA_LENGTH><DATA_LEVEL>0</DATA_LEVEL><DATA_PRECISION>0</DATA_PRECISION><DATA_SCALE>0</DATA_SCALE><DATA_TYPE>UEwvU1FMIEJPT0xFQU4=</DATA_TYPE><DEFAULTED>true</DEFAULTED><DEFAULT_VALUE><![CDATA[false]]></DEFAULT_VALUE><IN_OUT>IN</IN_OUT><INPUT_VALUE value_type="4" variant_type="1"/><NAME>UF9JU19DVVJTT1JfSU4=</NAME><OBJECT_NAME>RkxBU0hCQUNLX09GRg==</OBJECT_NAME><OUTPUT_VALUE value_type="0" variant_type="1"/><PACKAGE>REJTU19GTEFTSEJBQ0s=</PACKAGE><PLS_TYPE>Qk9PTEVBTg==</PLS_TYPE><POSITION>2</POSITION><RADIX>0</RADIX><SEQUENCE>2</SEQUENCE><TYPE_LINK/><TYPE_NAME/><TYPE_OWNER/><TYPE_SUBNAME/></ARGUMENT><ARGUMENT><ARGUMENT_TYPE>0</ARGUMENT_TYPE><DATA_LENGTH>0</DATA_LENGTH><DATA_LEVEL>0</DATA_LEVEL><DATA_PRECISION>0</DATA_PRECISION><DATA_SCALE>0</DATA_SCALE><DATA_TYPE>UEwvU1FMIEJPT0xFQU4=</DATA_TYPE><DEFAULTED>true</DEFAULTED><DEFAULT_VALUE><![CDATA[true]]></DEFAULT_VALUE><IN_OUT>IN</IN_OUT><INPUT_VALUE value_type="4" variant_type="1"/><NAME>UF9JU19FWEVDVVRFX0lO</NAME><OBJECT_NAME>RkxBU0hCQUNLX09GRg==</OBJECT_NAME><OUTPUT_VALUE value_type="0" variant_type="1"/><PACKAGE>REJTU19GTEFTSEJBQ0s=</PACKAGE><PLS_TYPE>Qk9PTEVBTg==</PLS_TYPE><POSITION>3</POSITION><RADIX>0</RADIX><SEQUENCE>3</SEQUENCE><TYPE_LINK/><TYPE_NAME/><TYPE_OWNER/><TYPE_SUBNAME/></ARGUMENT><ARGUMENT><ARGUMENT_TYPE>0</ARGUMENT_TYPE><DATA_LENGTH>0</DATA_LENGTH><DATA_LEVEL>0</DATA_LEVEL><DATA_PRECISION>0</DATA_PRECISION><DATA_SCALE>0</DATA_SCALE><DATA_TYPE>UEwvU1FMIEJPT0xFQU4=</DATA_TYPE><DEFAULTED>true</DEFAULTED><DEFAULT_VALUE><![CDATA[false]]></DEFAULT_VALUE><IN_OUT>IN</IN_OUT><INPUT_VALUE value_type="4" variant_type="1"/><NAME>UF9JU19QUklOVF9JTg==</NAME><OBJECT_NAME>RkxBU0hCQUNLX09GRg==</OBJECT_NAME><OUTPUT_VALUE value_type="0" variant_type="1"/><PACKAGE>REJTU19GTEFTSEJBQ0s=</PACKAGE><PLS_TYPE>Qk9PTEVBTg==</PLS_TYPE><POSITION>4</POSITION><RADIX>0</RADIX><SEQUENCE>4</SEQUENCE><TYPE_LINK/><TYPE_NAME/><TYPE_OWNER/><TYPE_SUBNAME/></ARGUMENT></ARGUMENTS></OBJECT><OBJECT><NAME>RkxBU0hCQUNLX09O</NAME><SCHEMA>QyMjREJTUw==</SCHEMA><TYPE>PROCEDURE</TYPE><PACKAGE>REJTU19GTEFTSEJBQ0s=</PACKAGE><OVERLOAD>0</OVERLOAD><BLOCK/><OPTIONS><OUTPUT><DBMS_OUTPUT enabled="false"/><COLLECTION_TYPES><FETCH_CURSOR enabled="false"/><DBMS_OUTPUT enabled="false"><FIXED_COL_WIDTH enabled="false"/><LIMIT_ROWS enabled="false"/></DBMS_OUTPUT></COLLECTION_TYPES></OUTPUT></OPTIONS><ARGUMENTS><ARGUMENT><ARGUMENT_TYPE>0</ARGUMENT_TYPE><DATA_LENGTH>0</DATA_LENGTH><DATA_LEVEL>0</DATA_LEVEL><DATA_PRECISION>0</DATA_PRECISION><DATA_SCALE>0</DATA_SCALE><DATA_TYPE>UkVGIENVUlNPUg==</DATA_TYPE><DEFAULTED>false</DEFAULTED><DEFAULT_VALUE/><IN_OUT>OUT</IN_OUT><INPUT_VALUE value_type="1" variant_type="1"/><NAME>UF9SRVNVTFRfT1VU</NAME><OBJECT_NAME>RkxBU0hCQUNLX09O</OBJECT_NAME><OUTPUT_VALUE value_type="0" variant_type="1"/><PACKAGE>REJTU19GTEFTSEJBQ0s=</PACKAGE><PLS_TYPE/><POSITION>1</POSITION><RADIX>0</RADIX><SEQUENCE>1</SEQUENCE><TYPE_LINK/><TYPE_NAME/><TYPE_OWNER/><TYPE_SUBNAME/></ARGUMENT><ARGUMENT><ARGUMENT_TYPE>0</ARGUMENT_TYPE><DATA_LENGTH>0</DATA_LENGTH><DATA_LEVEL>0</DATA_LEVEL><DATA_PRECISION>0</DATA_PRECISION><DATA_SCALE>0</DATA_SCALE><DATA_TYPE>UEwvU1FMIEJPT0xFQU4=</DATA_TYPE><DEFAULTED>true</DEFAULTED><DEFAULT_VALUE><![CDATA[false]]></DEFAULT_VALUE><IN_OUT>IN</IN_OUT><INPUT_VALUE value_type="4" variant_type="1"/><NAME>UF9JU19DVVJTT1JfSU4=</NAME><OBJECT_NAME>RkxBU0hCQUNLX09O</OBJECT_NAME><OUTPUT_VALUE value_type="0" variant_type="1"/><PACKAGE>REJTU19GTEFTSEJBQ0s=</PACKAGE><PLS_TYPE>Qk9PTEVBTg==</PLS_TYPE><POSITION>2</POSITION><RADIX>0</RADIX><SEQUENCE>2</SEQUENCE><TYPE_LINK/><TYPE_NAME/><TYPE_OWNER/><TYPE_SUBNAME/></ARGUMENT><ARGUMENT><ARGUMENT_TYPE>0</ARGUMENT_TYPE><DATA_LENGTH>0</DATA_LENGTH><DATA_LEVEL>0</DATA_LEVEL><DATA_PRECISION>0</DATA_PRECISION><DATA_SCALE>0</DATA_SCALE><DATA_TYPE>UEwvU1FMIEJPT0xFQU4=</DATA_TYPE><DEFAULTED>true</DEFAULTED><DEFAULT_VALUE><![CDATA[true]]></DEFAULT_VALUE><IN_OUT>IN</IN_OUT><INPUT_VALUE value_type="4" variant_type="1"/><NAME>UF9JU19FWEVDVVRFX0lO</NAME><OBJECT_NAME>RkxBU0hCQUNLX09O</OBJECT_NAME><OUTPUT_VALUE value_type="0" variant_type="1"/><PACKAGE>REJTU19GTEFTSEJBQ0s=</PACKAGE><PLS_TYPE>Qk9PTEVBTg==</PLS_TYPE><POSITION>3</POSITION><RADIX>0</RADIX><SEQUENCE>3</SEQUENCE><TYPE_LINK/><TYPE_NAME/><TYPE_OWNER/><TYPE_SUBNAME/></ARGUMENT><ARGUMENT><ARGUMENT_TYPE>0</ARGUMENT_TYPE><DATA_LENGTH>0</DATA_LENGTH><DATA_LEVEL>0</DATA_LEVEL><DATA_PRECISION>0</DATA_PRECISION><DATA_SCALE>0</DATA_SCALE><DATA_TYPE>UEwvU1FMIEJPT0xFQU4=</DATA_TYPE><DEFAULTED>true</DEFAULTED><DEFAULT_VALUE><![CDATA[false]]></DEFAULT_VALUE><IN_OUT>IN</IN_OUT><INPUT_VALUE value_type="4" variant_type="1"/><NAME>UF9JU19QUklOVF9JTg==</NAME><OBJECT_NAME>RkxBU0hCQUNLX09O</OBJECT_NAME><OUTPUT_VALUE value_type="0" variant_type="1"/><PACKAGE>REJTU19GTEFTSEJBQ0s=</PACKAGE><PLS_TYPE>Qk9PTEVBTg==</PLS_TYPE><POSITION>4</POSITION><RADIX>0</RADIX><SEQUENCE>4</SEQUENCE><TYPE_LINK/><TYPE_NAME/><TYPE_OWNER/><TYPE_SUBNAME/></ARGUMENT></ARGUMENTS></OBJECT></OBJECTS>
