<History><Object><Type>PACKAGE BODY</Type><Schema>DBSS</Schema><Name>USER_MGMT_IMPL</Name><Valid>False</Valid><Enabled>True</Enabled><XtraData></XtraData><XtraFlag>-1</XtraFlag><Table></Table><TableSchema></TableSchema><Wrapped>False</Wrapped><WrapChecked>True</WrapChecked><ObjID>79581</ObjID></Object><Object><Type>PACKAGE BODY</Type><Schema>DBSS</Schema><Name>SESSION_MGMT_IMPL</Name><Valid>False</Valid><Enabled>True</Enabled><XtraData></XtraData><XtraFlag>-1</XtraFlag><Table></Table><TableSchema></TableSchema><Wrapped>False</Wrapped><WrapChecked>True</WrapChecked><ObjID>79579</ObjID></Object><Object><Type>PACKAGE BODY</Type><Schema>DBSS</Schema><Name>DBSS_ERROR</Name><Valid>False</Valid><Enabled>True</Enabled><XtraData></XtraData><XtraFlag>-1</XtraFlag><Table></Table><TableSchema></TableSchema><Wrapped>False</Wrapped><WrapChecked>True</WrapChecked><ObjID>79589</ObjID></Object><Object><Type>PACKAGE BODY</Type><Schema>DBSS</Schema><Name>DBSS_UTIL</Name><Valid>False</Valid><Enabled>True</Enabled><XtraData></XtraData><XtraFlag>-1</XtraFlag><Table></Table><TableSchema></TableSchema><Wrapped>False</Wrapped><WrapChecked>True</WrapChecked><ObjID>79577</ObjID></Object></History>
