<History><Object><Type>VIEW</Type><Schema>SYS</Schema><Name>V_$DIAG_DDE_USR_INC_TYPE</Name><Valid>True</Valid><Enabled>True</Enabled><XtraData>ColumnName	ColID	Null	DataType	Default	Comments	Updatable	SearchedForComment	RealDataType	IsBinaryXML
ADDR	1	Y	RAW (8)					RAW	False
INDX	2	Y	NUMBER					NUMBER	False
INST_ID	3	Y	NUMBER					NUMBER	False
CON_ID	4	Y	NUMBER					NUMBER	False
ADR_PATH_IDX	5	Y	VARCHAR2 (445 Byte)					VARCHAR2	False
ADR_HOME	6	Y	VARCHAR2 (445 Byte)					VARCHAR2	False
TYPE_NAME	7	Y	VARCHAR2 (33 Byte)					VARCHAR2	False
DESCRIPTION	8	Y	VARCHAR2 (131 Byte)					VARCHAR2	False
</XtraData><XtraFlag>-1</XtraFlag><Table></Table><TableSchema></TableSchema><Wrapped>False</Wrapped><WrapChecked>False</WrapChecked><ObjID>9819</ObjID></Object><Object><Type>VIEW</Type><Schema>SYS</Schema><Name>V_$TYPE_SIZE</Name><Valid>True</Valid><Enabled>True</Enabled><XtraData>ColumnName	ColID	Null	DataType	Default	Comments	Updatable	SearchedForComment	RealDataType	IsBinaryXML
COMPONENT	1	Y	VARCHAR2 (8 Byte)					VARCHAR2	False
TYPE	2	Y	VARCHAR2 (8 Byte)					VARCHAR2	False
DESCRIPTION	3	Y	VARCHAR2 (32 Byte)					VARCHAR2	False
TYPE_SIZE	4	Y	NUMBER					NUMBER	False
CON_ID	5	Y	NUMBER					NUMBER	False
</XtraData><XtraFlag>-1</XtraFlag><Table></Table><TableSchema></TableSchema><Wrapped>False</Wrapped><WrapChecked>False</WrapChecked><ObjID>2021</ObjID></Object><Object><Type>VIEW</Type><Schema>SYS</Schema><Name>USER_TYPES</Name><Valid>True</Valid><Enabled>True</Enabled><XtraData>ColumnName	ColID	Null	DataType	Default	Comments	Updatable	SearchedForComment	RealDataType	IsBinaryXML
TYPE_NAME	1	N	VARCHAR2 (128 Byte)					VARCHAR2	False
TYPE_OID	2	N	RAW (16)					RAW	False
TYPECODE	3	Y	VARCHAR2 (128 Byte)					VARCHAR2	False
ATTRIBUTES	4	Y	NUMBER					NUMBER	False
METHODS	5	Y	NUMBER					NUMBER	False
PREDEFINED	6	Y	VARCHAR2 (3 Byte)					VARCHAR2	False
INCOMPLETE	7	Y	VARCHAR2 (3 Byte)					VARCHAR2	False
FINAL	8	Y	VARCHAR2 (3 Byte)					VARCHAR2	False
INSTANTIABLE	9	Y	VARCHAR2 (3 Byte)					VARCHAR2	False
SUPERTYPE_OWNER	10	Y	VARCHAR2 (128 Byte)					VARCHAR2	False
SUPERTYPE_NAME	11	Y	VARCHAR2 (128 Byte)					VARCHAR2	False
LOCAL_ATTRIBUTES	12	Y	NUMBER					NUMBER	False
LOCAL_METHODS	13	Y	NUMBER					NUMBER	False
TYPEID	14	Y	RAW (16)					RAW	False
</XtraData><XtraFlag>-1</XtraFlag><Table></Table><TableSchema></TableSchema><Wrapped>False</Wrapped><WrapChecked>False</WrapChecked><ObjID>5178</ObjID></Object><Object><Type>VIEW</Type><Schema>SYS</Schema><Name>USER_COLL_TYPES</Name><Valid>True</Valid><Enabled>True</Enabled><XtraData>ColumnName	ColID	Null	DataType	Default	Comments	Updatable	SearchedForComment	RealDataType	IsBinaryXML
TYPE_NAME	1	N	VARCHAR2 (128 Byte)					VARCHAR2	False
COLL_TYPE	2	N	VARCHAR2 (128 Byte)					VARCHAR2	False
UPPER_BOUND	3	Y	NUMBER					NUMBER	False
ELEM_TYPE_MOD	4	Y	VARCHAR2 (7 Byte)					VARCHAR2	False
ELEM_TYPE_OWNER	5	Y	VARCHAR2 (128 Byte)					VARCHAR2	False
ELEM_TYPE_NAME	6	Y	VARCHAR2 (128 Byte)					VARCHAR2	False
LENGTH	7	Y	NUMBER					NUMBER	False
PRECISION	8	Y	NUMBER					NUMBER	False
SCALE	9	Y	NUMBER					NUMBER	False
CHARACTER_SET_NAME	10	Y	VARCHAR2 (44 Byte)					VARCHAR2	False
ELEM_STORAGE	11	Y	VARCHAR2 (7 Byte)					VARCHAR2	False
NULLS_STORED	12	Y	VARCHAR2 (3 Byte)					VARCHAR2	False
</XtraData><XtraFlag>-1</XtraFlag><Table></Table><TableSchema></TableSchema><Wrapped>False</Wrapped><WrapChecked>False</WrapChecked><ObjID>5186</ObjID></Object><Object><Type>VIEW</Type><Schema>SYS</Schema><Name>DBA_TYPES</Name><Valid>True</Valid><Enabled>True</Enabled><XtraData>ColumnName	ColID	Null	DataType	Default	Comments	Updatable	SearchedForComment	RealDataType	IsBinaryXML
OWNER	1	Y	VARCHAR2 (128 Byte)					VARCHAR2	False
TYPE_NAME	2	Y	VARCHAR2 (128 Byte)					VARCHAR2	False
TYPE_OID	3	Y	RAW (16)					RAW	False
TYPECODE	4	Y	VARCHAR2 (128 Byte)					VARCHAR2	False
ATTRIBUTES	5	Y	NUMBER					NUMBER	False
METHODS	6	Y	NUMBER					NUMBER	False
PREDEFINED	7	Y	VARCHAR2 (3 Byte)					VARCHAR2	False
INCOMPLETE	8	Y	VARCHAR2 (3 Byte)					VARCHAR2	False
FINAL	9	Y	VARCHAR2 (3 Byte)					VARCHAR2	False
INSTANTIABLE	10	Y	VARCHAR2 (3 Byte)					VARCHAR2	False
SUPERTYPE_OWNER	11	Y	VARCHAR2 (128 Byte)					VARCHAR2	False
SUPERTYPE_NAME	12	Y	VARCHAR2 (128 Byte)					VARCHAR2	False
LOCAL_ATTRIBUTES	13	Y	NUMBER					NUMBER	False
LOCAL_METHODS	14	Y	NUMBER					NUMBER	False
TYPEID	15	Y	RAW (16)					RAW	False
</XtraData><XtraFlag>-1</XtraFlag><Table></Table><TableSchema></TableSchema><Wrapped>False</Wrapped><WrapChecked>False</WrapChecked><ObjID>5182</ObjID></Object><Object><Type>VIEW</Type><Schema>SYS</Schema><Name>DBA_PLSQL_TYPE_ATTRS</Name><Valid>True</Valid><Enabled>True</Enabled><XtraData>ColumnName	ColID	Null	DataType	Default	Comments	Updatable	SearchedForComment	RealDataType	IsBinaryXML
OWNER	1	Y	VARCHAR2 (128 Byte)					VARCHAR2	False
TYPE_NAME	2	Y	VARCHAR2 (136 Byte)					VARCHAR2	False
PACKAGE_NAME	3	Y	VARCHAR2 (128 Byte)					VARCHAR2	False
ATTR_NAME	4	Y	VARCHAR2 (128 Byte)					VARCHAR2	False
ATTR_TYPE_MOD	5	Y	VARCHAR2 (7 Byte)					VARCHAR2	False
ATTR_TYPE_OWNER	6	Y	VARCHAR2 (128 Byte)					VARCHAR2	False
ATTR_TYPE_NAME	7	Y	VARCHAR2 (136 Byte)					VARCHAR2	False
ATTR_TYPE_PACKAGE	8	Y	VARCHAR2 (128 Byte)					VARCHAR2	False
LENGTH	9	Y	NUMBER					NUMBER	False
PRECISION	10	Y	NUMBER					NUMBER	False
SCALE	11	Y	NUMBER					NUMBER	False
CHARACTER_SET_NAME	12	Y	VARCHAR2 (44 Byte)					VARCHAR2	False
ATTR_NO	13	Y	NUMBER					NUMBER	False
CHAR_USED	14	Y	VARCHAR2 (1 Byte)					VARCHAR2	False
</XtraData><XtraFlag>-1</XtraFlag><Table></Table><TableSchema></TableSchema><Wrapped>False</Wrapped><WrapChecked>False</WrapChecked><ObjID>4974</ObjID></Object><Object><Type>VIEW</Type><Schema>SYS</Schema><Name>DBA_PLSQL_TYPES</Name><Valid>True</Valid><Enabled>True</Enabled><XtraData>ColumnName	ColID	Null	DataType	Default	Comments	Updatable	SearchedForComment	RealDataType	IsBinaryXML
OWNER	1	N	VARCHAR2 (128 Byte)					VARCHAR2	False
TYPE_NAME	2	Y	VARCHAR2 (136 Byte)					VARCHAR2	False
PACKAGE_NAME	3	N	VARCHAR2 (128 Byte)					VARCHAR2	False
TYPE_OID	4	N	RAW (16)					RAW	False
TYPECODE	5	Y	VARCHAR2 (58 Byte)					VARCHAR2	False
ATTRIBUTES	6	Y	NUMBER					NUMBER	False
CONTAINS_PLSQL	7	Y	VARCHAR2 (3 Byte)					VARCHAR2	False
</XtraData><XtraFlag>-1</XtraFlag><Table></Table><TableSchema></TableSchema><Wrapped>False</Wrapped><WrapChecked>False</WrapChecked><ObjID>4958</ObjID></Object><Object><Type>VIEW</Type><Schema>SYS</Schema><Name>ALL_TYPES</Name><Valid>True</Valid><Enabled>True</Enabled><XtraData>ColumnName	ColID	Null	DataType	Default	Comments	Updatable	SearchedForComment	RealDataType	IsBinaryXML
OWNER	1	Y	VARCHAR2 (128 Byte)					VARCHAR2	False
TYPE_NAME	2	Y	VARCHAR2 (128 Byte)					VARCHAR2	False
TYPE_OID	3	Y	RAW (16)					RAW	False
TYPECODE	4	Y	VARCHAR2 (128 Byte)					VARCHAR2	False
ATTRIBUTES	5	Y	NUMBER					NUMBER	False
METHODS	6	Y	NUMBER					NUMBER	False
PREDEFINED	7	Y	VARCHAR2 (3 Byte)					VARCHAR2	False
INCOMPLETE	8	Y	VARCHAR2 (3 Byte)					VARCHAR2	False
FINAL	9	Y	VARCHAR2 (3 Byte)					VARCHAR2	False
INSTANTIABLE	10	Y	VARCHAR2 (3 Byte)					VARCHAR2	False
SUPERTYPE_OWNER	11	Y	VARCHAR2 (128 Byte)					VARCHAR2	False
SUPERTYPE_NAME	12	Y	VARCHAR2 (128 Byte)					VARCHAR2	False
LOCAL_ATTRIBUTES	13	Y	NUMBER					NUMBER	False
LOCAL_METHODS	14	Y	NUMBER					NUMBER	False
TYPEID	15	Y	RAW (16)					RAW	False
</XtraData><XtraFlag>-1</XtraFlag><Table></Table><TableSchema></TableSchema><Wrapped>False</Wrapped><WrapChecked>False</WrapChecked><ObjID>5180</ObjID></Object><Object><Type>VIEW</Type><Schema>SYS</Schema><Name>ALL_PLSQL_TYPES</Name><Valid>True</Valid><Enabled>True</Enabled><XtraData>ColumnName	ColID	Null	DataType	Default	Comments	Updatable	SearchedForComment	RealDataType	IsBinaryXML
OWNER	1	N	VARCHAR2 (128 Byte)					VARCHAR2	False
TYPE_NAME	2	Y	VARCHAR2 (136 Byte)					VARCHAR2	False
PACKAGE_NAME	3	N	VARCHAR2 (128 Byte)					VARCHAR2	False
TYPE_OID	4	N	RAW (16)					RAW	False
TYPECODE	5	Y	VARCHAR2 (58 Byte)					VARCHAR2	False
ATTRIBUTES	6	Y	NUMBER					NUMBER	False
CONTAINS_PLSQL	7	Y	VARCHAR2 (3 Byte)					VARCHAR2	False
</XtraData><XtraFlag>-1</XtraFlag><Table></Table><TableSchema></TableSchema><Wrapped>False</Wrapped><WrapChecked>False</WrapChecked><ObjID>4956</ObjID></Object><Object><Type>VIEW</Type><Schema>SYS</Schema><Name>ALL_COLL_TYPES</Name><Valid>True</Valid><Enabled>True</Enabled><XtraData>ColumnName	ColID	Null	DataType	Default	Comments	Updatable	SearchedForComment	RealDataType	IsBinaryXML
OWNER	1	N	VARCHAR2 (128 Byte)					VARCHAR2	False
TYPE_NAME	2	N	VARCHAR2 (128 Byte)					VARCHAR2	False
COLL_TYPE	3	N	VARCHAR2 (128 Byte)					VARCHAR2	False
UPPER_BOUND	4	Y	NUMBER					NUMBER	False
ELEM_TYPE_MOD	5	Y	VARCHAR2 (7 Byte)					VARCHAR2	False
ELEM_TYPE_OWNER	6	Y	VARCHAR2 (128 Byte)					VARCHAR2	False
ELEM_TYPE_NAME	7	Y	VARCHAR2 (128 Byte)					VARCHAR2	False
LENGTH	8	Y	NUMBER					NUMBER	False
PRECISION	9	Y	NUMBER					NUMBER	False
SCALE	10	Y	NUMBER					NUMBER	False
CHARACTER_SET_NAME	11	Y	VARCHAR2 (44 Byte)					VARCHAR2	False
ELEM_STORAGE	12	Y	VARCHAR2 (7 Byte)					VARCHAR2	False
NULLS_STORED	13	Y	VARCHAR2 (3 Byte)					VARCHAR2	False
CHAR_USED	14	Y	VARCHAR2 (1 Byte)					VARCHAR2	False
</XtraData><XtraFlag>-1</XtraFlag><Table></Table><TableSchema></TableSchema><Wrapped>False</Wrapped><WrapChecked>False</WrapChecked><ObjID>5188</ObjID></Object><Object><Type>VIEW</Type><Schema>SYS</Schema><Name>DBA_COLL_TYPES</Name><Valid>True</Valid><Enabled>True</Enabled><XtraData>ColumnName	ColID	Null	DataType	Default	Comments	Updatable	SearchedForComment	RealDataType	IsBinaryXML
OWNER	1	N	VARCHAR2 (128 Byte)					VARCHAR2	False
TYPE_NAME	2	N	VARCHAR2 (128 Byte)					VARCHAR2	False
COLL_TYPE	3	N	VARCHAR2 (128 Byte)					VARCHAR2	False
UPPER_BOUND	4	Y	NUMBER					NUMBER	False
ELEM_TYPE_MOD	5	Y	VARCHAR2 (7 Byte)					VARCHAR2	False
ELEM_TYPE_OWNER	6	Y	VARCHAR2 (128 Byte)					VARCHAR2	False
ELEM_TYPE_NAME	7	Y	VARCHAR2 (128 Byte)					VARCHAR2	False
LENGTH	8	Y	NUMBER					NUMBER	False
PRECISION	9	Y	NUMBER					NUMBER	False
SCALE	10	Y	NUMBER					NUMBER	False
CHARACTER_SET_NAME	11	Y	VARCHAR2 (44 Byte)					VARCHAR2	False
ELEM_STORAGE	12	Y	VARCHAR2 (7 Byte)					VARCHAR2	False
NULLS_STORED	13	Y	VARCHAR2 (3 Byte)					VARCHAR2	False
</XtraData><XtraFlag>-1</XtraFlag><Table></Table><TableSchema></TableSchema><Wrapped>False</Wrapped><WrapChecked>False</WrapChecked><ObjID>5190</ObjID></Object><Object><Type>PACKAGE</Type><Schema>DBSS</Schema><Name>DBSS_ADM</Name><Valid>True</Valid><Enabled>True</Enabled><XtraData></XtraData><XtraFlag>0</XtraFlag><Table>K</Table><TableSchema></TableSchema><Wrapped>False</Wrapped><WrapChecked>True</WrapChecked><ObjID>79581</ObjID></Object><Object><Type>PACKAGE</Type><Schema>DBSS</Schema><Name>DBSS_ADM_TEST</Name><Valid>True</Valid><Enabled>True</Enabled><XtraData></XtraData><XtraFlag>0</XtraFlag><Table>K</Table><TableSchema></TableSchema><Wrapped>False</Wrapped><WrapChecked>True</WrapChecked><ObjID>79978</ObjID></Object></History>
