<History><Object><Type>DIRECTORY</Type><Schema>SYS</Schema><Name>DBSS_TEMP_DIR</Name><Valid>True</Valid><Enabled>True</Enabled><XtraData>/tmp</XtraData><XtraFlag>-1</XtraFlag><Table></Table><TableSchema></TableSchema><Wrapped>False</Wrapped><WrapChecked>True</WrapChecked><ObjID>-1</ObjID></Object><Object><Type>USER</Type><Schema></Schema><Name>DBSS</Name><Valid>True</Valid><Enabled>True</Enabled><XtraData>OPEN</XtraData><XtraFlag>-1</XtraFlag><Table>USERS</Table><TableSchema>TEMP</TableSchema><Wrapped>False</Wrapped><WrapChecked>True</WrapChecked><ObjID>556</ObjID></Object><Object><Type>DIRECTORY</Type><Schema>SYS</Schema><Name>DBSS_CONFIG_DIR</Name><Valid>True</Valid><Enabled>True</Enabled><XtraData>/oraacfs/dbss/orcl12c.ORCL</XtraData><XtraFlag>-1</XtraFlag><Table></Table><TableSchema></TableSchema><Wrapped>False</Wrapped><WrapChecked>True</WrapChecked><ObjID>-1</ObjID></Object><Object><Type>DIRECTORY</Type><Schema>SYS</Schema><Name>DBSS_APPS_DIR</Name><Valid>True</Valid><Enabled>True</Enabled><XtraData>".$orabase."/local/c##dbss/bin</XtraData><XtraFlag>-1</XtraFlag><Table></Table><TableSchema></TableSchema><Wrapped>False</Wrapped><WrapChecked>True</WrapChecked><ObjID>-1</ObjID></Object><Object><Type>VIEW</Type><Schema>SYS</Schema><Name>DBA_JAVA_POLICY</Name><Valid>True</Valid><Enabled>True</Enabled><XtraData>ColumnName	ColID	Null	DataType	Default	Comments	Updatable	SearchedForComment	RealDataType	IsBinaryXML	Collation
KIND	1	Y	VARCHAR2 (8 Byte)					VARCHAR2	False	USING_NLS_COMP
GRANTEE	2	N	VARCHAR2 (128 Byte)					VARCHAR2	False	USING_NLS_COMP
TYPE_SCHEMA	3	N	VARCHAR2 (128 Byte)					VARCHAR2	False	USING_NLS_COMP
TYPE_NAME	4	Y	VARCHAR2 (4000 Byte)					VARCHAR2	False	USING_NLS_COMP
NAME	5	Y	VARCHAR2 (4000 Byte)					VARCHAR2	False	USING_NLS_COMP
ACTION	6	Y	VARCHAR2 (4000 Byte)					VARCHAR2	False	USING_NLS_COMP
ENABLED	7	Y	VARCHAR2 (8 Byte)					VARCHAR2	False	USING_NLS_COMP
SEQ	8	Y	NUMBER					NUMBER	False	
</XtraData><XtraFlag>-1</XtraFlag><Table></Table><TableSchema></TableSchema><Wrapped>False</Wrapped><WrapChecked>True</WrapChecked><ObjID>56435</ObjID></Object><Object><Type>TABLE</Type><Schema>SYS</Schema><Name>PROCEDUREJAVA$</Name><Valid>True</Valid><Enabled>True</Enabled><XtraData>&lt;None&gt;</XtraData><XtraFlag>1</XtraFlag><Table>SYSTEM</Table><TableSchema>154
Yes
Disabled

Default
Default
Yes
</TableSchema><Wrapped>False</Wrapped><WrapChecked>True</WrapChecked><ObjID>376</ObjID></Object><Object><Type>TABLE</Type><Schema>SYS</Schema><Name>JAVA$RMJVM$AUX2</Name><Valid>True</Valid><Enabled>True</Enabled><XtraData>&lt;None&gt;</XtraData><XtraFlag>1</XtraFlag><Table>SYSTEM</Table><TableSchema>0
Yes
Disabled

Default
Default
No
</TableSchema><Wrapped>False</Wrapped><WrapChecked>True</WrapChecked><ObjID>22266</ObjID></Object><Object><Type>TABLE</Type><Schema>SYS</Schema><Name>JAVA$POLICY$</Name><Valid>True</Valid><Enabled>True</Enabled><XtraData>&lt;None&gt;</XtraData><XtraFlag>1</XtraFlag><Table>SYSTEM</Table><TableSchema>167
Yes
Disabled

Default
Default
Yes
</TableSchema><Wrapped>False</Wrapped><WrapChecked>True</WrapChecked><ObjID>56433</ObjID></Object><Object><Type>TABLE</Type><Schema>SYS</Schema><Name>JAVA$METHOD$METADATA</Name><Valid>True</Valid><Enabled>True</Enabled><XtraData>&lt;None&gt;</XtraData><XtraFlag>1</XtraFlag><Table>SYSTEM</Table><TableSchema>0
Yes
Disabled

Default
Default
No
</TableSchema><Wrapped>False</Wrapped><WrapChecked>True</WrapChecked><ObjID>22289</ObjID></Object><Object><Type>TABLE</Type><Schema>SYS</Schema><Name>JAVA$JVM$RUNTIME$PARAMETERS</Name><Valid>True</Valid><Enabled>True</Enabled><XtraData>&lt;None&gt;</XtraData><XtraFlag>1</XtraFlag><Table>SYSTEM</Table><TableSchema>0
Yes
Disabled

Default
Default
No
</TableSchema><Wrapped>False</Wrapped><WrapChecked>True</WrapChecked><ObjID>22278</ObjID></Object><Object><Type>TABLE</Type><Schema>SYS</Schema><Name>JAVA$CBOBJ$</Name><Valid>True</Valid><Enabled>True</Enabled><XtraData>&lt;None&gt;</XtraData><XtraFlag>1</XtraFlag><Table>SYSTEM</Table><TableSchema>33792
Yes
Disabled

Default
Default
Yes
</TableSchema><Wrapped>False</Wrapped><WrapChecked>True</WrapChecked><ObjID>22300</ObjID></Object><Object><Type>TABLE</Type><Schema>SYS</Schema><Name>JAVA$OPTIONS</Name><Valid>True</Valid><Enabled>True</Enabled><XtraData>&lt;None&gt;</XtraData><XtraFlag>1</XtraFlag><Table>SYSTEM</Table><TableSchema>2
Yes
Disabled

Default
Default
Yes
</TableSchema><Wrapped>False</Wrapped><WrapChecked>True</WrapChecked><ObjID>85402</ObjID></Object><Object><Type>JAVA SOURCE</Type><Schema>DBSS</Schema><Name>DbssOs</Name><Valid>True</Valid><Enabled>True</Enabled><XtraData>DbssOs</XtraData><XtraFlag>-1</XtraFlag><Table></Table><TableSchema></TableSchema><Wrapped>False</Wrapped><WrapChecked>True</WrapChecked><ObjID>87801</ObjID></Object><Object><Type>DIRECTORY</Type><Schema>SYS</Schema><Name>EXPIMP_SHARE</Name><Valid>True</Valid><Enabled>True</Enabled><XtraData>/oraacfs/dbss/expimp_share</XtraData><XtraFlag>-1</XtraFlag><Table></Table><TableSchema></TableSchema><Wrapped>False</Wrapped><WrapChecked>True</WrapChecked><ObjID>-1</ObjID></Object><Object><Type>DIRECTORY</Type><Schema>SYS</Schema><Name>EXPIMP_DIR</Name><Valid>True</Valid><Enabled>True</Enabled><XtraData>/oraacfs/dbss/expimp_dir</XtraData><XtraFlag>-1</XtraFlag><Table></Table><TableSchema></TableSchema><Wrapped>False</Wrapped><WrapChecked>True</WrapChecked><ObjID>-1</ObjID></Object><Object><Type>USER</Type><Schema></Schema><Name>WWE</Name><Valid>True</Valid><Enabled>True</Enabled><XtraData>OPEN</XtraData><XtraFlag>-1</XtraFlag><Table>USERS</Table><TableSchema>TEMP</TableSchema><Wrapped>False</Wrapped><WrapChecked>True</WrapChecked><ObjID>258</ObjID></Object><Object><Type>USER</Type><Schema></Schema><Name>C##DBSS</Name><Valid>True</Valid><Enabled>True</Enabled><XtraData>OPEN</XtraData><XtraFlag>-1</XtraFlag><Table>USERS</Table><TableSchema>TEMP</TableSchema><Wrapped>False</Wrapped><WrapChecked>True</WrapChecked><ObjID>212</ObjID></Object><Object><Type>PACKAGE BODY</Type><Schema>DBSS</Schema><Name>TEST_DBSS_IO</Name><Valid>False</Valid><Enabled>True</Enabled><XtraData></XtraData><XtraFlag>-1</XtraFlag><Table></Table><TableSchema></TableSchema><Wrapped>False</Wrapped><WrapChecked>True</WrapChecked><ObjID>85428</ObjID></Object><Object><Type>PACKAGE</Type><Schema>DBSS</Schema><Name>DBSS_IO_LIB</Name><Valid>True</Valid><Enabled>True</Enabled><XtraData></XtraData><XtraFlag>0</XtraFlag><Table>K</Table><TableSchema></TableSchema><Wrapped>False</Wrapped><WrapChecked>True</WrapChecked><ObjID>84060</ObjID></Object><Object><Type>VIEW</Type><Schema>SYS</Schema><Name>ALL_SCHEDULER_JOB_RUN_DETAILS</Name><Valid>True</Valid><Enabled>True</Enabled><XtraData>ColumnName	ColID	Null	DataType	Default	Comments	Updatable	SearchedForComment	RealDataType	IsBinaryXML	Collation
LOG_ID	1	N	NUMBER					NUMBER	False	
LOG_DATE	2	Y	TIMESTAMP(6) WITH TIME ZONE					TIMESTAMP(6) WITH TIME ZONE	False	
OWNER	3	Y	VARCHAR2 (128 Byte)					VARCHAR2	False	USING_NLS_COMP
JOB_NAME	4	Y	VARCHAR2 (261 Byte)					VARCHAR2	False	USING_NLS_COMP
JOB_SUBNAME	5	Y	VARCHAR2 (261 Byte)					VARCHAR2	False	USING_NLS_COMP
STATUS	6	Y	VARCHAR2 (30 Byte)					VARCHAR2	False	USING_NLS_COMP
ERROR#	7	Y	NUMBER					NUMBER	False	
REQ_START_DATE	8	Y	TIMESTAMP(6) WITH TIME ZONE					TIMESTAMP(6) WITH TIME ZONE	False	
ACTUAL_START_DATE	9	Y	TIMESTAMP(6) WITH TIME ZONE					TIMESTAMP(6) WITH TIME ZONE	False	
RUN_DURATION	10	Y	INTERVAL DAY(3) TO SECOND(0)					INTERVAL DAY(3) TO SECOND(0)	False	
INSTANCE_ID	11	Y	NUMBER					NUMBER	False	
SESSION_ID	12	Y	VARCHAR2 (128 Byte)					VARCHAR2	False	USING_NLS_COMP
SLAVE_PID	13	Y	VARCHAR2 (30 Byte)					VARCHAR2	False	USING_NLS_COMP
CPU_USED	14	Y	INTERVAL DAY(3) TO SECOND(2)					INTERVAL DAY(3) TO SECOND(2)	False	
CREDENTIAL_OWNER	15	Y	VARCHAR2 (261 Byte)					VARCHAR2	False	USING_NLS_COMP
CREDENTIAL_NAME	16	Y	VARCHAR2 (261 Byte)					VARCHAR2	False	USING_NLS_COMP
DESTINATION_OWNER	17	Y	VARCHAR2 (261 Byte)					VARCHAR2	False	USING_NLS_COMP
DESTINATION	18	Y	VARCHAR2 (261 Byte)					VARCHAR2	False	USING_NLS_COMP
ADDITIONAL_INFO	19	Y	VARCHAR2 (4000 Byte)					VARCHAR2	False	USING_NLS_COMP
ERRORS	20	Y	VARCHAR2 (4000 Byte)					VARCHAR2	False	USING_NLS_COMP
OUTPUT	21	Y	VARCHAR2 (4000 Byte)					VARCHAR2	False	USING_NLS_COMP
BINARY_ERRORS	22	Y	BLOB					BLOB	False	
BINARY_OUTPUT	23	Y	BLOB					BLOB	False	
</XtraData><XtraFlag>-1</XtraFlag><Table></Table><TableSchema></TableSchema><Wrapped>False</Wrapped><WrapChecked>True</WrapChecked><ObjID>12496</ObjID></Object><Object><Type>VIEW</Type><Schema>SYS</Schema><Name>ALL_SCHEDULER_JOBS</Name><Valid>True</Valid><Enabled>True</Enabled><XtraData>ColumnName	ColID	Null	DataType	Default	Comments	Updatable	SearchedForComment	RealDataType	IsBinaryXML	Collation
OWNER	1	Y	VARCHAR2 (128 Byte)					VARCHAR2	False	USING_NLS_COMP
JOB_NAME	2	Y	VARCHAR2 (128 Byte)					VARCHAR2	False	USING_NLS_COMP
JOB_SUBNAME	3	Y	VARCHAR2 (128 Byte)					VARCHAR2	False	USING_NLS_COMP
JOB_STYLE	4	Y	VARCHAR2 (17 Byte)					VARCHAR2	False	USING_NLS_COMP
JOB_CREATOR	5	Y	VARCHAR2 (128 Byte)					VARCHAR2	False	USING_NLS_COMP
CLIENT_ID	6	Y	VARCHAR2 (65 Byte)					VARCHAR2	False	USING_NLS_COMP
GLOBAL_UID	7	Y	VARCHAR2 (33 Byte)					VARCHAR2	False	USING_NLS_COMP
PROGRAM_OWNER	8	Y	VARCHAR2 (4000 Byte)					VARCHAR2	False	USING_NLS_COMP
PROGRAM_NAME	9	Y	VARCHAR2 (4000 Byte)					VARCHAR2	False	USING_NLS_COMP
JOB_TYPE	10	Y	VARCHAR2 (16 Byte)					VARCHAR2	False	USING_NLS_COMP
JOB_ACTION	11	Y	VARCHAR2 (4000 Byte)					VARCHAR2	False	USING_NLS_COMP
NUMBER_OF_ARGUMENTS	12	Y	NUMBER					NUMBER	False	
SCHEDULE_OWNER	13	Y	VARCHAR2 (4000 Byte)					VARCHAR2	False	USING_NLS_COMP
SCHEDULE_NAME	14	Y	VARCHAR2 (4000 Byte)					VARCHAR2	False	USING_NLS_COMP
SCHEDULE_TYPE	15	Y	VARCHAR2 (12 Byte)					VARCHAR2	False	USING_NLS_COMP
START_DATE	16	Y	TIMESTAMP(6) WITH TIME ZONE					TIMESTAMP(6) WITH TIME ZONE	False	
REPEAT_INTERVAL	17	Y	VARCHAR2 (4000 Byte)					VARCHAR2	False	USING_NLS_COMP
EVENT_QUEUE_OWNER	18	Y	VARCHAR2 (128 Byte)					VARCHAR2	False	USING_NLS_COMP
EVENT_QUEUE_NAME	19	Y	VARCHAR2 (128 Byte)					VARCHAR2	False	USING_NLS_COMP
EVENT_QUEUE_AGENT	20	Y	VARCHAR2 (523 Byte)					VARCHAR2	False	USING_NLS_COMP
EVENT_CONDITION	21	Y	VARCHAR2 (4000 Byte)					VARCHAR2	False	USING_NLS_COMP
EVENT_RULE	22	Y	VARCHAR2 (261 Byte)					VARCHAR2	False	USING_NLS_COMP
FILE_WATCHER_OWNER	23	Y	VARCHAR2 (261 Byte)					VARCHAR2	False	USING_NLS_COMP
FILE_WATCHER_NAME	24	Y	VARCHAR2 (261 Byte)					VARCHAR2	False	USING_NLS_COMP
END_DATE	25	Y	TIMESTAMP(6) WITH TIME ZONE					TIMESTAMP(6) WITH TIME ZONE	False	
JOB_CLASS	26	Y	VARCHAR2 (128 Byte)					VARCHAR2	False	USING_NLS_COMP
ENABLED	27	Y	VARCHAR2 (5 Byte)					VARCHAR2	False	USING_NLS_COMP
AUTO_DROP	28	Y	VARCHAR2 (5 Byte)					VARCHAR2	False	USING_NLS_COMP
RESTART_ON_RECOVERY	29	Y	VARCHAR2 (5 Byte)					VARCHAR2	False	USING_NLS_COMP
RESTART_ON_FAILURE	30	Y	VARCHAR2 (5 Byte)					VARCHAR2	False	USING_NLS_COMP
STATE	31	Y	VARCHAR2 (20 Byte)					VARCHAR2	False	USING_NLS_COMP
JOB_PRIORITY	32	Y	NUMBER					NUMBER	False	
RUN_COUNT	33	Y	NUMBER					NUMBER	False	
UPTIME_RUN_COUNT	34	Y	NUMBER					NUMBER	False	
MAX_RUNS	35	Y	NUMBER					NUMBER	False	
FAILURE_COUNT	36	Y	NUMBER					NUMBER	False	
UPTIME_FAILURE_COUNT	37	Y	NUMBER					NUMBER	False	
MAX_FAILURES	38	Y	NUMBER					NUMBER	False	
RETRY_COUNT	39	Y	NUMBER					NUMBER	False	
LAST_START_DATE	40	Y	TIMESTAMP(6) WITH TIME ZONE					TIMESTAMP(6) WITH TIME ZONE	False	
LAST_RUN_DURATION	41	Y	INTERVAL DAY(9) TO SECOND(6)					INTERVAL DAY(9) TO SECOND(6)	False	
NEXT_RUN_DATE	42	Y	TIMESTAMP(6) WITH TIME ZONE					TIMESTAMP(6) WITH TIME ZONE	False	
SCHEDULE_LIMIT	43	Y	INTERVAL DAY(3) TO SECOND(0)					INTERVAL DAY(3) TO SECOND(0)	False	
MAX_RUN_DURATION	44	Y	INTERVAL DAY(3) TO SECOND(0)					INTERVAL DAY(3) TO SECOND(0)	False	
LOGGING_LEVEL	45	Y	VARCHAR2 (11 Byte)					VARCHAR2	False	USING_NLS_COMP
STORE_OUTPUT	46	Y	VARCHAR2 (5 Byte)					VARCHAR2	False	USING_NLS_COMP
STOP_ON_WINDOW_CLOSE	47	Y	VARCHAR2 (5 Byte)					VARCHAR2	False	USING_NLS_COMP
INSTANCE_STICKINESS	48	Y	VARCHAR2 (5 Byte)					VARCHAR2	False	USING_NLS_COMP
RAISE_EVENTS	49	Y	VARCHAR2 (4000 Byte)					VARCHAR2	False	USING_NLS_COMP
SYSTEM	50	Y	VARCHAR2 (5 Byte)					VARCHAR2	False	USING_NLS_COMP
JOB_WEIGHT	51	Y	NUMBER					NUMBER	False	
NLS_ENV	52	Y	VARCHAR2 (4000 Byte)					VARCHAR2	False	USING_NLS_COMP
SOURCE	53	Y	VARCHAR2 (128 Byte)					VARCHAR2	False	USING_NLS_COMP
NUMBER_OF_DESTINATIONS	54	Y	NUMBER					NUMBER	False	
DESTINATION_OWNER	55	Y	VARCHAR2 (261 Byte)					VARCHAR2	False	USING_NLS_COMP
DESTINATION	56	Y	VARCHAR2 (261 Byte)					VARCHAR2	False	USING_NLS_COMP
CREDENTIAL_OWNER	57	Y	VARCHAR2 (128 Byte)					VARCHAR2	False	USING_NLS_COMP
CREDENTIAL_NAME	58	Y	VARCHAR2 (128 Byte)					VARCHAR2	False	USING_NLS_COMP
INSTANCE_ID	59	Y	NUMBER					NUMBER	False	
DEFERRED_DROP	60	Y	VARCHAR2 (5 Byte)					VARCHAR2	False	USING_NLS_COMP
ALLOW_RUNS_IN_RESTRICTED_MODE	61	Y	VARCHAR2 (5 Byte)					VARCHAR2	False	USING_NLS_COMP
COMMENTS	62	Y	VARCHAR2 (4000 Byte)					VARCHAR2	False	USING_NLS_COMP
FLAGS	63	Y	NUMBER					NUMBER	False	
RESTARTABLE	64	Y	VARCHAR2 (5 Byte)					VARCHAR2	False	USING_NLS_COMP
HAS_CONSTRAINTS	65	Y	VARCHAR2 (5 Byte)					VARCHAR2	False	USING_NLS_COMP
CONNECT_CREDENTIAL_OWNER	66	Y	VARCHAR2 (128 Byte)					VARCHAR2	False	USING_NLS_COMP
CONNECT_CREDENTIAL_NAME	67	Y	VARCHAR2 (128 Byte)					VARCHAR2	False	USING_NLS_COMP
FAIL_ON_SCRIPT_ERROR	68	Y	VARCHAR2 (5 Byte)					VARCHAR2	False	USING_NLS_COMP
</XtraData><XtraFlag>-1</XtraFlag><Table></Table><TableSchema></TableSchema><Wrapped>False</Wrapped><WrapChecked>True</WrapChecked><ObjID>12449</ObjID></Object><Object><Type>VIEW</Type><Schema>SYS</Schema><Name>ALL_SCHEDULER_CHAINS</Name><Valid>True</Valid><Enabled>True</Enabled><XtraData>ColumnName	ColID	Null	DataType	Default	Comments	Updatable	SearchedForComment	RealDataType	IsBinaryXML	Collation
OWNER	1	N	VARCHAR2 (128 Byte)					VARCHAR2	False	USING_NLS_COMP
CHAIN_NAME	2	N	VARCHAR2 (128 Byte)					VARCHAR2	False	USING_NLS_COMP
RULE_SET_OWNER	3	Y	VARCHAR2 (128 Byte)					VARCHAR2	False	USING_NLS_COMP
RULE_SET_NAME	4	Y	VARCHAR2 (128 Byte)					VARCHAR2	False	USING_NLS_COMP
NUMBER_OF_RULES	5	Y	NUMBER					NUMBER	False	
NUMBER_OF_STEPS	6	Y	NUMBER					NUMBER	False	
ENABLED	7	Y	VARCHAR2 (5 Byte)					VARCHAR2	False	USING_NLS_COMP
EVALUATION_INTERVAL	8	Y	INTERVAL DAY(3) TO SECOND(0)					INTERVAL DAY(3) TO SECOND(0)	False	
USER_RULE_SET	9	Y	VARCHAR2 (5 Byte)					VARCHAR2	False	USING_NLS_COMP
COMMENTS	10	Y	VARCHAR2 (4000 Byte)					VARCHAR2	False	USING_NLS_COMP
</XtraData><XtraFlag>-1</XtraFlag><Table></Table><TableSchema></TableSchema><Wrapped>False</Wrapped><WrapChecked>True</WrapChecked><ObjID>12581</ObjID></Object><Object><Type>USER</Type><Schema></Schema><Name>OBE</Name><Valid>True</Valid><Enabled>True</Enabled><XtraData>OPEN</XtraData><XtraFlag>-1</XtraFlag><Table>APEX_1941389856444596</Table><TableSchema>TEMP</TableSchema><Wrapped>False</Wrapped><WrapChecked>True</WrapChecked><ObjID>130</ObjID></Object><Object><Type>USER</Type><Schema></Schema><Name>APEX_050100</Name><Valid>True</Valid><Enabled>True</Enabled><XtraData>OPEN</XtraData><XtraFlag>-1</XtraFlag><Table>SYSAUX</Table><TableSchema>TEMP</TableSchema><Wrapped>False</Wrapped><WrapChecked>True</WrapChecked><ObjID>110</ObjID></Object><Object><Type>USER</Type><Schema></Schema><Name>APEX_INSTANCE_ADMIN_USER</Name><Valid>True</Valid><Enabled>True</Enabled><XtraData>EXPIRED</XtraData><XtraFlag>-1</XtraFlag><Table>USERS</Table><TableSchema>TEMP</TableSchema><Wrapped>False</Wrapped><WrapChecked>True</WrapChecked><ObjID>114</ObjID></Object></History>
